V_ERAMS_MATRIX_SAMPLE_ANALYSIS.MAT_ID,V_ERAMS_MATRIX_SAMPLE_ANALYSIS.SAMP_ID,V_ERAMS_MATRIX_SAMPLE_ANALYSIS.ANA_SIZE,V_ERAMS_MATRIX_SAMPLE_ANALYSIS.ANA_UNIT,V_ERAMS_MATRIX_SAMPLE_ANALYSIS.ANA_PROC_NUM,V_ERAMS_MATRIX_SAMPLE_ANALYSIS.DURATION,V_ERAMS_LOCATION.LOC_NUM,V_ERAMS_LOCATION.CITY_NAME,V_ERAMS_LOCATION.STATE_ABBR,V_ERAMS_RESULTS_ANALYTE.ANALYTE_ID,V_ERAMS_RESULTS_ANALYTE.RESULT_AMOUNT,V_ERAMS_RESULTS_ANALYTE.CSU,V_ERAMS_RESULTS_ANALYTE.MDC,V_ERAMS_RESULTS_ANALYTE.RESULT_UNIT,V_ERAMS_RESULTS_ANALYTE.RESULT_DATE,V_ERAMS_RESULTS_ANALYTE.ANA_TYPE,V_ERAMS_RESULTS_ANALYTE.HALF_LIFE,V_ERAMS_RESULTS_ANALYTE.HALF_LIFE_TIME_UNIT,V_ERAMS_RESULTS_ANALYTE.ANALYTE_NAME
AIR-CHARCOAL,B103918,359.6239517184,M3,118,60,1,MONTGOMERY,AL,BA140,,,.064,PCI/M3,2011-04-11,R,12.789,D,Barium-140
AIR-CHARCOAL,B103842,206.99614858752,M3,118,60,1,MONTGOMERY,AL,CS137,,,.075,PCI/M3,2011-04-08,R,30.17,Y,Cesium-137
AIR-CHARCOAL,B103842,206.99614858752,M3,118,60,1,MONTGOMERY,AL,BA140,,,.2,PCI/M3,2011-04-08,R,12.789,D,Barium-140
AIR-CHARCOAL,B103571,112.70104943616,M3,118,60,1,MONTGOMERY,AL,CS137,,,.096,PCI/M3,2011-04-05,R,30.17,Y,Cesium-137
AIR-CHARCOAL,B103244,368.119005696,M3,118,60,1,MONTGOMERY,AL,I131,.0551,.0071,,PCI/M3,2011-03-31,R,8.0233,D,Iodine-131
AIR-CHARCOAL,B103845,281.18628665856,M3,118,60,43,LAS VEGAS,NV,K40,.63,.13,,PCI/M3,2011-04-06,R,1277000000,Y,Potassium-40
AIR-CHARCOAL,B103436,137.90304290304,M3,118,60,43,LAS VEGAS,NV,CS137,,,.051,PCI/M3,2011-04-01,R,30.17,Y,Cesium-137
AIR-CHARCOAL,B103436,137.90304290304,M3,118,60,43,LAS VEGAS,NV,BA140,,,.21,PCI/M3,2011-04-01,R,12.789,D,Barium-140
AIR-CHARCOAL,B103043,130.54066278912,M3,118,60,43,LAS VEGAS,NV,K40,1.58,.34,,PCI/M3,2011-03-29,R,1277000000,Y,Potassium-40
AIR-CHARCOAL,B102915,135.35452670976,M3,118,60,43,LAS VEGAS,NV,CO60,,,.13,PCI/M3,2011-03-25,R,5.271,Y,Cobalt-60
AIR-CHARCOAL,B102948,421.9210142208,M3,118,60,43,LAS VEGAS,NV,CS137,,,.02,PCI/M3,2011-03-28,R,30.17,Y,Cesium-137
AIR-CHARCOAL,B103704,450.2378608128,M3,118,60,43,LAS VEGAS,NV,BA140,,,.09,PCI/M3,2011-04-04,R,12.789,D,Barium-140
AIR-CHARCOAL,B102674,131.6733366528,M3,118,60,43,LAS VEGAS,NV,K40,1.33,.26,,PCI/M3,2011-03-22,R,1277000000,Y,Potassium-40
AIR-CHARCOAL,B102672,132.80601051648,M3,118,60,43,LAS VEGAS,NV,K40,.95,.25,,PCI/M3,2011-03-23,R,1277000000,Y,Potassium-40
AIR-CHARCOAL,B102672,132.80601051648,M3,118,60,43,LAS VEGAS,NV,I131,.347,.036,,PCI/M3,2011-03-23,R,8.0233,D,Iodine-131
AIR-CHARCOAL,B103821,112.13471250432,M3,118,60,186,BOISE,ID,I131,,,.09,PCI/M3,2011-04-06,R,8.0233,D,Iodine-131
AIR-CHARCOAL,B103821,112.13471250432,M3,118,60,186,BOISE,ID,CO60,,,.015,PCI/M3,2011-04-06,R,5.271,Y,Cobalt-60
AIR-CHARCOAL,B103347,108.97398608772096,M3,118,60,186,BOISE,ID,BA140,,,.23,PCI/M3,2011-04-01,R,12.789,D,Barium-140
AIR-CHARCOAL,B103433,109.1218000269312,M3,118,60,186,BOISE,ID,CO60,,,.077,PCI/M3,2011-04-01,R,5.271,Y,Cobalt-60
AIR-CHARCOAL,B102904,112.41788097024,M3,118,60,186,BOISE,ID,I131,.766,.062,,PCI/M3,2011-03-24,R,8.0233,D,Iodine-131
AIR-CHARCOAL,B102904,112.41788097024,M3,118,60,186,BOISE,ID,BA140,,,.25,PCI/M3,2011-03-24,R,12.789,D,Barium-140
AIR-CHARCOAL,B102899,100.80797386752,M3,118,60,186,BOISE,ID,I131,.745,.068,,PCI/M3,2011-03-25,R,8.0233,D,Iodine-131
AIR-CHARCOAL,B102994,122.61194574336,M3,118,60,186,BOISE,ID,I131,.219,.027,,PCI/M3,2011-03-27,R,8.0233,D,Iodine-131
AIR-CHARCOAL,B102770,109.30302784512,M3,118,60,186,BOISE,ID,CO60,,,.11,PCI/M3,2011-03-23,R,5.271,Y,Cobalt-60
AIR-CHARCOAL,B102662,46.7227968768,M3,118,60,186,BOISE,ID,BA140,,,.69,PCI/M3,2011-03-22,R,12.789,D,Barium-140
AIR-CHARCOAL,B102506,53.51884005888,M3,118,800,186,BOISE,ID,BA140,,,.11,PCI/M3,2011-03-21,R,12.789,D,Barium-140
AIR-CHARCOAL,B102561,99.95846846976,M3,118,60,186,BOISE,ID,BA140,,,.31,PCI/M3,2011-03-22,R,12.789,D,Barium-140
AIR-CHARCOAL,B102503,252.30310313472,M3,118,800,4059,SAN BERNARDINO,CA,BA140,,,.045,PCI/M3,2011-03-20,R,12.789,D,Barium-140
AIR-CHARCOAL,B102555,139.31888523264,M3,118,60,4059,SAN BERNARDINO,CA,I131,1.07,.076,,PCI/M3,2011-03-21,R,8.0233,D,Iodine-131
AIR-CHARCOAL,B102555,139.31888523264,M3,118,60,4059,SAN BERNARDINO,CA,BA140,,,.19,PCI/M3,2011-03-21,R,12.789,D,Barium-140
AIR-CHARCOAL,B103515,150.64562386944,M3,118,60,2727,JUNEAU,AK,TL208,4.3,3.1,,PCI/M3,2011-04-02,R,3.053,M,Thallium-208
AIR-CHARCOAL,B103515,150.64562386944,M3,118,60,2727,JUNEAU,AK,I131,.071,.019,,PCI/M3,2011-04-02,R,8.0233,D,Iodine-131
AIR-CHARCOAL,B103515,150.64562386944,M3,118,60,2727,JUNEAU,AK,CS137,,,.046,PCI/M3,2011-04-02,R,30.17,Y,Cesium-137
AIR-CHARCOAL,B103508,106.18817472,M3,118,60,2727,JUNEAU,AK,K40,1.37,.42,,PCI/M3,2011-04-03,R,1277000000,Y,Potassium-40
AIR-CHARCOAL,B103508,106.18817472,M3,118,60,2727,JUNEAU,AK,I131,.077,.026,,PCI/M3,2011-04-03,R,8.0233,D,Iodine-131
AIR-CHARCOAL,B103500,94.096881225216,M3,118,60,2727,JUNEAU,AK,K40,1.48,.35,,PCI/M3,2011-04-04,R,1277000000,Y,Potassium-40
AIR-CHARCOAL,B103346,143.0000752896,M3,118,60,2727,JUNEAU,AK,K40,1.37,.22,,PCI/M3,2011-04-01,R,1277000000,Y,Potassium-40
AIR-CHARCOAL,B103346,143.0000752896,M3,118,60,2727,JUNEAU,AK,CS137,,,.043,PCI/M3,2011-04-01,R,30.17,Y,Cesium-137
AIR-CHARCOAL,B103185,134.731556084736,M3,118,60,2727,JUNEAU,AK,CO60,,,.12,PCI/M3,2011-03-30,R,5.271,Y,Cobalt-60
AIR-CHARCOAL,B103185,134.731556084736,M3,118,60,2727,JUNEAU,AK,CS137,,,.12,PCI/M3,2011-03-30,R,30.17,Y,Cesium-137
AIR-CHARCOAL,B103185,134.731556084736,M3,118,60,2727,JUNEAU,AK,PB212,2.4,1.5,,PCI/M3,2011-03-30,R,10.643,H,Lead-212
AIR-CHARCOAL,B103314,148.663444608,M3,118,60,2727,JUNEAU,AK,TL208,24,19,,PCI/M3,2011-03-31,R,3.053,M,Thallium-208
AIR-CHARCOAL,B103314,148.663444608,M3,118,60,2727,JUNEAU,AK,PB212,59,33,,PCI/M3,2011-03-31,R,10.643,H,Lead-212
AIR-CHARCOAL,B103314,148.663444608,M3,118,60,2727,JUNEAU,AK,BA140,,,.29,PCI/M3,2011-03-31,R,12.789,D,Barium-140
AIR-CHARCOAL,B103141,47.57230227456,M3,118,65.1666666666667,2727,JUNEAU,AK,K40,2.46,.72,,PCI/M3,2011-03-27,R,1277000000,Y,Potassium-40
AIR-CHARCOAL,B103141,47.57230227456,M3,118,65.1666666666667,2727,JUNEAU,AK,CS137,,,.22,PCI/M3,2011-03-27,R,30.17,Y,Cesium-137
AIR-CHARCOAL,B102964,145.54859148288,M3,118,60,2727,JUNEAU,AK,CO60,,,.0099,PCI/M3,2011-03-27,R,5.271,Y,Cobalt-60
AIR-CHARCOAL,B102959,143.0000752896,M3,118,60,2727,JUNEAU,AK,K40,1.24,.41,,PCI/M3,2011-03-26,R,1277000000,Y,Potassium-40
AIR-CHARCOAL,B103684,137.138488045056,M3,118,60,2727,JUNEAU,AK,CS137,,,.071,PCI/M3,2011-04-05,R,30.17,Y,Cesium-137
AIR-CHARCOAL,B103684,137.138488045056,M3,118,60,2727,JUNEAU,AK,BA140,,,.29,PCI/M3,2011-04-05,R,12.789,D,Barium-140
AIR-CHARCOAL,B102656,142.15056989184,M3,118,60,2727,JUNEAU,AK,K40,1.13,.3,,PCI/M3,2011-03-23,R,1277000000,Y,Potassium-40
AIR-CHARCOAL,B102925,130.54066278912,M3,118,60,4066,ANAHEIM,CA,CO60,,,.061,PCI/M3,2011-03-23,R,5.271,Y,Cobalt-60
AIR-CHARCOAL,B102925,130.54066278912,M3,118,60,4066,ANAHEIM,CA,BA140,,,.32,PCI/M3,2011-03-23,R,12.789,D,Barium-140
AIR-CHARCOAL,B102541,135.63769517568,M3,118,60,4066,ANAHEIM,CA,PB212,.63,.38,,PCI/M3,2011-03-22,R,10.643,H,Lead-212
AIR-CHARCOAL,B102541,135.63769517568,M3,118,60,4066,ANAHEIM,CA,I131,.526,.044,,PCI/M3,2011-03-22,R,8.0233,D,Iodine-131
AIR-CHARCOAL,B102541,135.63769517568,M3,118,60,4066,ANAHEIM,CA,BA140,,,.17,PCI/M3,2011-03-22,R,12.789,D,Barium-140
AIR-CHARCOAL,B102500,203.8812954624,M3,118,800,4066,ANAHEIM,CA,PB212,2.34,.68,,PCI/M3,2011-03-20,R,10.643,H,Lead-212
AIR-CHARCOAL,B103620,114.11689176576,M3,118,60,4112,NOME,AK,CS137,,,.094,PCI/M3,2011-04-05,R,30.17,Y,Cesium-137
AIR-CHARCOAL,B103609,152.06146619904,M3,118,60,4112,NOME,AK,I131,.089,.023,,PCI/M3,2011-04-03,R,8.0233,D,Iodine-131
AIR-CHARCOAL,B103559,142.15056989184,M3,118,60,4112,NOME,AK,CO60,,,.08,PCI/M3,2011-04-02,R,5.271,Y,Cobalt-60
AIR-CHARCOAL,B103549,139.31888523264,M3,118,60,4112,NOME,AK,I131,.05,.019,,PCI/M3,2011-04-01,R,8.0233,D,Iodine-131
AIR-CHARCOAL,B103285,138.7525483008,M3,118,60,4112,NOME,AK,BA140,,,.34,PCI/M3,2011-03-29,R,12.789,D,Barium-140
AIR-CHARCOAL,B103279,133.93868438016,M3,118,60,4112,NOME,AK,CO60,,,.12,PCI/M3,2011-03-26,R,5.271,Y,Cobalt-60
AIR-CHARCOAL,B103276,124.5941250048,M3,118,60,4112,NOME,AK,CS137,,,.13,PCI/M3,2011-03-30,R,30.17,Y,Cesium-137
AIR-CHARCOAL,B103276,124.5941250048,M3,118,60,4112,NOME,AK,BA140,,,.43,PCI/M3,2011-03-30,R,12.789,D,Barium-140
AIR-CHARCOAL,B103290,138.18621136896,M3,118,60,4112,NOME,AK,I131,.364,.041,,PCI/M3,2011-03-27,R,8.0233,D,Iodine-131
AIR-CHARCOAL,B102534,139.31888523264,M3,118,60,4112,NOME,AK,I131,.339,.033,,PCI/M3,2011-03-22,R,8.0233,D,Iodine-131
AIR-CHARCOAL,B103802,113.267386368,M3,118,60,4113,GUAM,GU,I131,,,.086,PCI/M3,2011-04-06,R,8.0233,D,Iodine-131
AIR-CHARCOAL,B103755,109.58619631104,M3,118,60,4113,GUAM,GU,CO60,,,.018,PCI/M3,2011-04-05,R,5.271,Y,Cobalt-60
AIR-CHARCOAL,B103646,113.55055483392,M3,118,60,4113,GUAM,GU,K40,1.56,.34,,PCI/M3,2011-04-04,R,1277000000,Y,Potassium-40
AIR-CHARCOAL,B103646,113.55055483392,M3,118,60,4113,GUAM,GU,CS137,,,.11,PCI/M3,2011-04-04,R,30.17,Y,Cesium-137
AIR-CHARCOAL,B103153,115.24956562944,M3,118,60,4113,GUAM,GU,BA140,,,.25,PCI/M3,2011-03-28,R,12.789,D,Barium-140
AIR-CHARCOAL,B103191,107.88718551552,M3,118,60,4113,GUAM,GU,I131,,,.089,PCI/M3,2011-03-29,R,8.0233,D,Iodine-131
AIR-CHARCOAL,B102950,104.3249262142464,M3,118,60,4113,GUAM,GU,I131,,,.19,PCI/M3,2011-03-25,R,8.0233,D,Iodine-131
AIR-CHARCOAL,B102852,109.30302784512,M3,118,60,4113,GUAM,GU,K40,1.12,.29,,PCI/M3,2011-03-24,R,1277000000,Y,Potassium-40
AIR-CHARCOAL,B102485,105.33866932224,M3,118,60,4113,GUAM,GU,CS137,,,.079,PCI/M3,2011-03-20,R,30.17,Y,Cesium-137
AIR-CHARCOAL,B102482,93.16242528768,M3,118,60,4113,GUAM,GU,I131,,,.096,PCI/M3,2011-03-19,R,8.0233,D,Iodine-131
AIR-CHARCOAL,B102544,103.1101334954496,M3,118,60,4113,GUAM,GU,BA140,,,.26,PCI/M3,2011-03-21,R,12.789,D,Barium-140
AIR-CHARCOAL,B103384,113.267386368,M3,118,60,4115,SAIPAN,CNMI,CO60,,,.1,PCI/M3,2011-03-30,R,5.271,Y,Cobalt-60
AIR-CHARCOAL,B103137,112.41788097024,M3,118,60,4115,SAIPAN,CNMI,BA140,,,.26,PCI/M3,2011-03-27,R,12.789,D,Barium-140
AIR-CHARCOAL,B103133,111.8515440384,M3,118,60,4115,SAIPAN,CNMI,I131,.216,.033,,PCI/M3,2011-03-25,R,8.0233,D,Iodine-131
AIR-CHARCOAL,B102836,105.62183778816,M3,118,60,4115,SAIPAN,CNMI,CS137,,,.085,PCI/M3,2011-03-24,R,30.17,Y,Cesium-137
AIR-CHARCOAL,B102836,105.62183778816,M3,118,60,4115,SAIPAN,CNMI,CO60,,,.05,PCI/M3,2011-03-24,R,5.271,Y,Cobalt-60
AIR-CHARCOAL,B102639,80.13667585536,M3,118,60,4115,SAIPAN,CNMI,BA140,,,.45,PCI/M3,2011-03-21,R,12.789,D,Barium-140
AIR-CHARCOAL,B103746,116.38223949312,M3,118,60,4116,KAHUKU,HI,K40,1.49,.37,,PCI/M3,2011-04-05,R,1277000000,Y,Potassium-40
AIR-CHARCOAL,B103746,116.38223949312,M3,118,60,4116,KAHUKU,HI,BA140,,,.28,PCI/M3,2011-04-05,R,12.789,D,Barium-140
AIR-CHARCOAL,B103162,120.346598016,M3,118,60,4116,KAHUKU,HI,K40,.81,.31,,PCI/M3,2011-03-28,R,1277000000,Y,Potassium-40
AIR-CHARCOAL,B103162,120.346598016,M3,118,60,4116,KAHUKU,HI,I131,.13,.03,,PCI/M3,2011-03-28,R,8.0233,D,Iodine-131
AIR-CHARCOAL,B103162,120.346598016,M3,118,60,4116,KAHUKU,HI,CO60,,,.12,PCI/M3,2011-03-28,R,5.271,Y,Cobalt-60
AIR-CHARCOAL,B103160,117.23174489088,M3,118,60,4116,KAHUKU,HI,I131,.273,.045,,PCI/M3,2011-03-27,R,8.0233,D,Iodine-131
AIR-CHARCOAL,B103139,95.14460454912,M3,118,60,4116,KAHUKU,HI,K40,2.43,.45,,PCI/M3,2011-03-26,R,1277000000,Y,Potassium-40
AIR-CHARCOAL,B103139,95.14460454912,M3,118,60,4116,KAHUKU,HI,CS137,,,.083,PCI/M3,2011-03-26,R,30.17,Y,Cesium-137
AIR-CHARCOAL,B103139,95.14460454912,M3,118,60,4116,KAHUKU,HI,BA140,,,.31,PCI/M3,2011-03-26,R,12.789,D,Barium-140
AIR-CHARCOAL,B103266,118.36441875456,M3,118,60,4116,KAHUKU,HI,I131,,,.089,PCI/M3,2011-03-30,R,8.0233,D,Iodine-131
AIR-CHARCOAL,B103189,117.79808182272,M3,118,60,4116,KAHUKU,HI,K40,1.28,.33,,PCI/M3,2011-03-29,R,1277000000,Y,Potassium-40
AIR-CHARCOAL,B102868,120.06342955008,M3,118,60,4116,KAHUKU,HI,K40,.83,.23,,PCI/M3,2011-03-24,R,1277000000,Y,Potassium-40
AIR-CHARCOAL,B102862,118.36441875456,M3,118,60,4116,KAHUKU,HI,CS137,,,.073,PCI/M3,2011-03-25,R,30.17,Y,Cesium-137
AIR-CHARCOAL,B103676,119.78026108416,M3,118,60,4116,KAHUKU,HI,BA140,,,.18,PCI/M3,2011-04-04,R,12.789,D,Barium-140
AIR-CHARCOAL,B103673,116.94857642496,M3,118,60,4116,KAHUKU,HI,I131,,,.09,PCI/M3,2011-04-03,R,8.0233,D,Iodine-131
AIR-CHARCOAL,B103673,116.94857642496,M3,118,60,4116,KAHUKU,HI,BA140,,,.3,PCI/M3,2011-04-03,R,12.789,D,Barium-140
AIR-CHARCOAL,B102754,117.79808182272,M3,118,60,4116,KAHUKU,HI,K40,2.13,.39,,PCI/M3,2011-03-23,R,1277000000,Y,Potassium-40
AIR-CHARCOAL,B103667,112.41788097024,M3,118,60,4117,KAUAI,HI,CO60,,,.22,PCI/M3,2011-04-03,R,5.271,Y,Cobalt-60
AIR-CHARCOAL,B103591,115.81590256128,M3,118,92.6333333333333,4117,KAUAI,HI,BA140,,,.21,PCI/M3,2011-04-01,R,12.789,D,Barium-140
AIR-CHARCOAL,B103430,112.98421790208,M3,118,60,4117,KAUAI,HI,CO60,,,.1,PCI/M3,2011-03-30,R,5.271,Y,Cobalt-60
AIR-CHARCOAL,B103430,112.98421790208,M3,118,60,4117,KAUAI,HI,BA140,,,.36,PCI/M3,2011-03-30,R,12.789,D,Barium-140
AIR-CHARCOAL,B103320,110.71887017472,M3,118,60,4117,KAUAI,HI,K40,1.14,.32,,PCI/M3,2011-03-29,R,1277000000,Y,Potassium-40
AIR-CHARCOAL,B103300,115.24956562944,M3,118,60,4117,KAUAI,HI,CS137,,,.11,PCI/M3,2011-03-28,R,30.17,Y,Cesium-137
AIR-CHARCOAL,B103300,115.24956562944,M3,118,60,4117,KAUAI,HI,CO60,,,.13,PCI/M3,2011-03-28,R,5.271,Y,Cobalt-60
AIR-CHARCOAL,B103147,122.32877727744,M3,118,60,4117,KAUAI,HI,CO60,,,.093,PCI/M3,2011-03-26,R,5.271,Y,Cobalt-60
AIR-CHARCOAL,B102830,112.98421790208,M3,118,60,4117,KAUAI,HI,K40,.78,.29,,PCI/M3,2011-03-23,R,1277000000,Y,Potassium-40
AIR-CHARCOAL,B102752,96.84361534464,M3,118,60,4117,KAUAI,HI,CS137,,,.082,PCI/M3,2011-03-22,R,30.17,Y,Cesium-137
AIR-CHARCOAL,B103158,87.49905596928,M3,118,60,3043,DUTCH HARBOR,AK,K40,2.95,.56,,PCI/M3,2011-03-28,R,1277000000,Y,Potassium-40
AIR-CHARCOAL,B103156,86.3663821056,M3,118,60,3043,DUTCH HARBOR,AK,CS137,,,.11,PCI/M3,2011-03-27,R,30.17,Y,Cesium-137
AIR-CHARCOAL,B103156,86.3663821056,M3,118,60,3043,DUTCH HARBOR,AK,CO60,,,.12,PCI/M3,2011-03-27,R,5.271,Y,Cobalt-60
AIR-CHARCOAL,B103270,86.08321363968,M3,118,60,3043,DUTCH HARBOR,AK,I131,.144,.039,,PCI/M3,2011-03-30,R,8.0233,D,Iodine-131
AIR-CHARCOAL,B102877,86.93271903744,M3,118,60,3043,DUTCH HARBOR,AK,K40,.85,.28,,PCI/M3,2011-03-24,R,1277000000,Y,Potassium-40
AIR-CHARCOAL,B102877,86.93271903744,M3,118,60,3043,DUTCH HARBOR,AK,I131,,,.13,PCI/M3,2011-03-24,R,8.0233,D,Iodine-131
AIR-CHARCOAL,B102877,86.93271903744,M3,118,60,3043,DUTCH HARBOR,AK,CS137,,,.096,PCI/M3,2011-03-24,R,30.17,Y,Cesium-137
AIR-CHARCOAL,B103918,359.6239517184,M3,118,60,1,MONTGOMERY,AL,K40,.66,.1,,PCI/M3,2011-04-11,R,1277000000,Y,Potassium-40
AIR-CHARCOAL,B103842,206.99614858752,M3,118,60,1,MONTGOMERY,AL,CO60,,,.078,PCI/M3,2011-04-08,R,5.271,Y,Cobalt-60
AIR-CHARCOAL,B102934,455.9012301312,M3,118,60,1,MONTGOMERY,AL,K40,.378,.078,,PCI/M3,2011-03-28,R,1277000000,Y,Potassium-40
AIR-CHARCOAL,B102934,455.9012301312,M3,118,60,1,MONTGOMERY,AL,CS137,,,.019,PCI/M3,2011-03-28,R,30.17,Y,Cesium-137
AIR-CHARCOAL,B102677,237.29517444096,M3,118,60,1,MONTGOMERY,AL,I131,.149,.018,,PCI/M3,2011-03-24,R,8.0233,D,Iodine-131
AIR-CHARCOAL,B103845,281.18628665856,M3,118,60,43,LAS VEGAS,NV,BA140,,,.1,PCI/M3,2011-04-06,R,12.789,D,Barium-140
AIR-CHARCOAL,B103328,136.77036903936,M3,118,60,43,LAS VEGAS,NV,I131,.103,.023,,PCI/M3,2011-03-31,R,8.0233,D,Iodine-131
AIR-CHARCOAL,B102915,135.35452670976,M3,118,60,43,LAS VEGAS,NV,K40,1.03,.37,,PCI/M3,2011-03-25,R,1277000000,Y,Potassium-40
AIR-CHARCOAL,B102915,135.35452670976,M3,118,60,43,LAS VEGAS,NV,I131,.802,.067,,PCI/M3,2011-03-25,R,8.0233,D,Iodine-131
AIR-CHARCOAL,B102915,135.35452670976,M3,118,60,43,LAS VEGAS,NV,BA140,,,.34,PCI/M3,2011-03-25,R,12.789,D,Barium-140
AIR-CHARCOAL,B102772,124.5941250048,M3,118,60,43,LAS VEGAS,NV,I131,.614,.047,,PCI/M3,2011-03-24,R,8.0233,D,Iodine-131
AIR-CHARCOAL,B102772,124.5941250048,M3,118,60,43,LAS VEGAS,NV,CS137,,,.055,PCI/M3,2011-03-24,R,30.17,Y,Cesium-137
AIR-CHARCOAL,B102672,132.80601051648,M3,118,60,43,LAS VEGAS,NV,CS137,,,.06,PCI/M3,2011-03-23,R,30.17,Y,Cesium-137
AIR-CHARCOAL,B102668,127.70897812992,M3,118,60,43,LAS VEGAS,NV,K40,.96,.27,,PCI/M3,2011-03-18,R,1277000000,Y,Potassium-40
AIR-CHARCOAL,B103877,108.73669091328,M3,118,60,186,BOISE,ID,K40,2.23,.44,,PCI/M3,2011-04-07,R,1277000000,Y,Potassium-40
AIR-CHARCOAL,B103821,112.13471250432,M3,118,60,186,BOISE,ID,BA140,,,.35,PCI/M3,2011-04-06,R,12.789,D,Barium-140
AIR-CHARCOAL,B103768,110.7386919673344,M3,118,60,186,BOISE,ID,K40,1.42,.3,,PCI/M3,2011-04-05,R,1277000000,Y,Potassium-40
AIR-CHARCOAL,B103532,113.536396410624,M3,118,60,186,BOISE,ID,CS137,,,.085,PCI/M3,2011-04-03,R,30.17,Y,Cesium-137
AIR-CHARCOAL,B103347,108.97398608772096,M3,118,60,186,BOISE,ID,CO60,,,.078,PCI/M3,2011-04-01,R,5.271,Y,Cobalt-60
AIR-CHARCOAL,B103433,109.1218000269312,M3,118,60,186,BOISE,ID,K40,1.76,.36,,PCI/M3,2011-04-01,R,1277000000,Y,Potassium-40
AIR-CHARCOAL,B103433,109.1218000269312,M3,118,60,186,BOISE,ID,TL208,6.4,4.1,,PCI/M3,2011-04-01,R,3.053,M,Thallium-208
AIR-CHARCOAL,B102904,112.41788097024,M3,118,60,186,BOISE,ID,CS137,,,.065,PCI/M3,2011-03-24,R,30.17,Y,Cesium-137
AIR-CHARCOAL,B102994,122.61194574336,M3,118,60,186,BOISE,ID,K40,1.49,.31,,PCI/M3,2011-03-27,R,1277000000,Y,Potassium-40
AIR-CHARCOAL,B102994,122.61194574336,M3,118,60,186,BOISE,ID,CO60,,,.11,PCI/M3,2011-03-27,R,5.271,Y,Cobalt-60
AIR-CHARCOAL,B102770,109.30302784512,M3,118,60,186,BOISE,ID,K40,1.95,.55,,PCI/M3,2011-03-23,R,1277000000,Y,Potassium-40
AIR-CHARCOAL,B102770,109.30302784512,M3,118,60,186,BOISE,ID,BA140,,,.58,PCI/M3,2011-03-23,R,12.789,D,Barium-140
AIR-CHARCOAL,B102506,53.51884005888,M3,118,800,186,BOISE,ID,CS137,,,.034,PCI/M3,2011-03-21,R,30.17,Y,Cesium-137
AIR-CHARCOAL,B102561,99.95846846976,M3,118,60,186,BOISE,ID,TL208,.037,.028,,PCI/M3,2011-03-22,R,3.053,M,Thallium-208
AIR-CHARCOAL,B103759,145.26542301696,M3,118,60,2727,JUNEAU,AK,I131,,,.055,PCI/M3,2011-04-06,R,8.0233,D,Iodine-131
AIR-CHARCOAL,B103759,145.26542301696,M3,118,60,2727,JUNEAU,AK,CO60,,,.11,PCI/M3,2011-04-06,R,5.271,Y,Cobalt-60
AIR-CHARCOAL,B103515,150.64562386944,M3,118,60,2727,JUNEAU,AK,BA140,,,.23,PCI/M3,2011-04-02,R,12.789,D,Barium-140
AIR-CHARCOAL,B103508,106.18817472,M3,118,60,2727,JUNEAU,AK,BA140,,,.27,PCI/M3,2011-04-03,R,12.789,D,Barium-140
AIR-CHARCOAL,B103143,90.33074062848,M3,118,60,2727,JUNEAU,AK,I131,.309,.039,,PCI/M3,2011-03-29,R,8.0233,D,Iodine-131
AIR-CHARCOAL,B102959,143.0000752896,M3,118,60,2727,JUNEAU,AK,CS137,,,.12,PCI/M3,2011-03-26,R,30.17,Y,Cesium-137
AIR-CHARCOAL,B102656,142.15056989184,M3,118,60,2727,JUNEAU,AK,CO60,,,.01,PCI/M3,2011-03-23,R,5.271,Y,Cobalt-60
AIR-CHARCOAL,B102656,142.15056989184,M3,118,60,2727,JUNEAU,AK,BA140,,,.24,PCI/M3,2011-03-23,R,12.789,D,Barium-140
AIR-CHARCOAL,B102551,142.15056989184,M3,118,60,2727,JUNEAU,AK,CS137,,,.052,PCI/M3,2011-03-22,R,30.17,Y,Cesium-137
AIR-CHARCOAL,B102551,142.15056989184,M3,118,60,2727,JUNEAU,AK,BA140,,,.18,PCI/M3,2011-03-22,R,12.789,D,Barium-140
AIR-CHARCOAL,B102925,130.54066278912,M3,118,60,4066,ANAHEIM,CA,I131,.304,.04,,PCI/M3,2011-03-23,R,8.0233,D,Iodine-131
AIR-CHARCOAL,B102541,135.63769517568,M3,118,60,4066,ANAHEIM,CA,K40,.44,.19,,PCI/M3,2011-03-22,R,1277000000,Y,Potassium-40
AIR-CHARCOAL,B103765,120.06342955008,M3,118,60,4112,NOME,AK,I131,.084,.019,,PCI/M3,2011-04-06,R,8.0233,D,Iodine-131
AIR-CHARCOAL,B103620,114.11689176576,M3,118,60,4112,NOME,AK,I131,.136,.025,,PCI/M3,2011-04-05,R,8.0233,D,Iodine-131
AIR-CHARCOAL,B103609,152.06146619904,M3,118,60,4112,NOME,AK,BA140,,,.34,PCI/M3,2011-04-03,R,12.789,D,Barium-140
AIR-CHARCOAL,B103295,145.54859148288,M3,118,60,4112,NOME,AK,CS137,,,.073,PCI/M3,2011-03-28,R,30.17,Y,Cesium-137
AIR-CHARCOAL,B103276,124.5941250048,M3,118,60,4112,NOME,AK,I131,.166,.037,,PCI/M3,2011-03-30,R,8.0233,D,Iodine-131
AIR-CHARCOAL,B103290,138.18621136896,M3,118,60,4112,NOME,AK,PB212,82,52,,PCI/M3,2011-03-27,R,10.643,H,Lead-212
AIR-CHARCOAL,B102945,140.45155909632,M3,118,60,4112,NOME,AK,CS137,,,.11,PCI/M3,2011-03-25,R,30.17,Y,Cesium-137
AIR-CHARCOAL,B102659,132.80601051648,M3,118,60,4112,NOME,AK,BA140,,,.24,PCI/M3,2011-03-23,R,12.789,D,Barium-140
AIR-CHARCOAL,B102534,139.31888523264,M3,118,60,4112,NOME,AK,K40,.53,.18,,PCI/M3,2011-03-22,R,1277000000,Y,Potassium-40
AIR-CHARCOAL,B103646,113.55055483392,M3,118,60,4113,GUAM,GU,I131,,,.079,PCI/M3,2011-04-04,R,8.0233,D,Iodine-131
AIR-CHARCOAL,B103646,113.55055483392,M3,118,60,4113,GUAM,GU,CO60,,,.15,PCI/M3,2011-04-04,R,5.271,Y,Cobalt-60
AIR-CHARCOAL,B103153,115.24956562944,M3,118,60,4113,GUAM,GU,I131,,,.06,PCI/M3,2011-03-28,R,8.0233,D,Iodine-131
AIR-CHARCOAL,B103153,115.24956562944,M3,118,60,4113,GUAM,GU,CS137,,,.054,PCI/M3,2011-03-28,R,30.17,Y,Cesium-137
AIR-CHARCOAL,B103191,107.88718551552,M3,118,60,4113,GUAM,GU,K40,1.7,.36,,PCI/M3,2011-03-29,R,1277000000,Y,Potassium-40
AIR-CHARCOAL,B103191,107.88718551552,M3,118,60,4113,GUAM,GU,CS137,,,.095,PCI/M3,2011-03-29,R,30.17,Y,Cesium-137
AIR-CHARCOAL,B102956,116.94857642496,M3,118,60,4113,GUAM,GU,CS137,,,.11,PCI/M3,2011-03-27,R,30.17,Y,Cesium-137
AIR-CHARCOAL,B102953,106.75451165184,M3,118,60,4113,GUAM,GU,CS137,,,.08,PCI/M3,2011-03-26,R,30.17,Y,Cesium-137
AIR-CHARCOAL,B102950,104.3249262142464,M3,118,60,4113,GUAM,GU,K40,3.39,.63,,PCI/M3,2011-03-25,R,1277000000,Y,Potassium-40
AIR-CHARCOAL,B102482,93.16242528768,M3,118,60,4113,GUAM,GU,RA228,,,.62,PCI/M3,2011-03-20,R,5.75,Y,Radium-228
AIR-CHARCOAL,B103762,114.6832286976,M3,118,60,4115,SAIPAN,CNMI,CO60,,,.086,PCI/M3,2011-04-04,R,5.271,Y,Cobalt-60
AIR-CHARCOAL,B103654,112.70104943616,M3,118,60,4115,SAIPAN,CNMI,BA140,,,.22,PCI/M3,2011-04-02,R,12.789,D,Barium-140
AIR-CHARCOAL,B103135,111.56837557248,M3,118,60,4115,SAIPAN,CNMI,CS137,,,.078,PCI/M3,2011-03-26,R,30.17,Y,Cesium-137
AIR-CHARCOAL,B103135,111.56837557248,M3,118,60,4115,SAIPAN,CNMI,BA140,,,.23,PCI/M3,2011-03-26,R,12.789,D,Barium-140
AIR-CHARCOAL,B102843,108.45352244736,M3,118,60,4115,SAIPAN,CNMI,BA140,,,.38,PCI/M3,2011-03-23,R,12.789,D,Barium-140
AIR-CHARCOAL,B103690,113.83372329984,M3,118,60,4115,SAIPAN,CNMI,CO60,,,.078,PCI/M3,2011-04-01,R,5.271,Y,Cobalt-60
AIR-CHARCOAL,B102639,80.13667585536,M3,118,60,4115,SAIPAN,CNMI,I131,.784,.078,,PCI/M3,2011-03-21,R,8.0233,D,Iodine-131
AIR-CHARCOAL,B103162,120.346598016,M3,118,60,4116,KAHUKU,HI,CS137,,,.076,PCI/M3,2011-03-28,R,30.17,Y,Cesium-137
AIR-CHARCOAL,B103162,120.346598016,M3,118,60,4116,KAHUKU,HI,BA140,,,.36,PCI/M3,2011-03-28,R,12.789,D,Barium-140
AIR-CHARCOAL,B103139,95.14460454912,M3,118,60,4116,KAHUKU,HI,CO60,,,.11,PCI/M3,2011-03-26,R,5.271,Y,Cobalt-60
AIR-CHARCOAL,B102868,120.06342955008,M3,118,60,4116,KAHUKU,HI,BA140,,,.31,PCI/M3,2011-03-24,R,12.789,D,Barium-140
AIR-CHARCOAL,B102862,118.36441875456,M3,118,60,4116,KAHUKU,HI,BA140,,,.18,PCI/M3,2011-03-25,R,12.789,D,Barium-140
AIR-CHARCOAL,B103673,116.94857642496,M3,118,60,4116,KAHUKU,HI,CO60,,,.072,PCI/M3,2011-04-03,R,5.271,Y,Cobalt-60
AIR-CHARCOAL,B103670,120.62976648192,M3,118,60,4116,KAHUKU,HI,CO60,,,.14,PCI/M3,2011-04-02,R,5.271,Y,Cobalt-60
AIR-CHARCOAL,B102666,121.19610341376,M3,118,60,4116,KAHUKU,HI,BA140,,,.44,PCI/M3,2011-03-21,R,12.789,D,Barium-140
AIR-CHARCOAL,B102645,117.79808182272,M3,118,60,4116,KAHUKU,HI,I131,.195,.031,,PCI/M3,2011-03-22,R,8.0233,D,Iodine-131
AIR-CHARCOAL,B103901,116.268972106752,M3,118,60,4117,KAUAI,HI,CS137,,,.12,PCI/M3,2011-04-07,R,30.17,Y,Cesium-137
AIR-CHARCOAL,B103901,116.268972106752,M3,118,60,4117,KAUAI,HI,BA140,,,.48,PCI/M3,2011-04-07,R,12.789,D,Barium-140
AIR-CHARCOAL,B103831,116.38223949312,M3,118,60,4117,KAUAI,HI,BA140,,,.19,PCI/M3,2011-04-04,R,12.789,D,Barium-140
AIR-CHARCOAL,B103662,115.53273409536,M3,118,60,4117,KAUAI,HI,K40,1,.38,,PCI/M3,2011-04-02,R,1277000000,Y,Potassium-40
AIR-CHARCOAL,B103320,110.71887017472,M3,118,60,4117,KAUAI,HI,CO60,,,.12,PCI/M3,2011-03-29,R,5.271,Y,Cobalt-60
AIR-CHARCOAL,B103149,116.94857642496,M3,118,60,4117,KAUAI,HI,I131,.558,.052,,PCI/M3,2011-03-25,R,8.0233,D,Iodine-131
AIR-CHARCOAL,B103149,116.94857642496,M3,118,60,4117,KAUAI,HI,CO60,,,.0081,PCI/M3,2011-03-25,R,5.271,Y,Cobalt-60
AIR-CHARCOAL,B103149,116.94857642496,M3,118,60,4117,KAUAI,HI,BA140,,,.31,PCI/M3,2011-03-25,R,12.789,D,Barium-140
AIR-CHARCOAL,B102822,116.38223949312,M3,118,60,4117,KAUAI,HI,K40,.92,.29,,PCI/M3,2011-03-24,R,1277000000,Y,Potassium-40
AIR-CHARCOAL,B102767,204.44763239424,M3,118,60,4117,KAUAI,HI,K40,.79,.18,,PCI/M3,2011-03-21,R,1277000000,Y,Potassium-40
AIR-CHARCOAL,B102752,96.84361534464,M3,118,60,4117,KAUAI,HI,PB212,17.2,8,,PCI/M3,2011-03-22,R,10.643,H,Lead-212
AIR-CHARCOAL,B102752,96.84361534464,M3,118,60,4117,KAUAI,HI,CO60,,,.052,PCI/M3,2011-03-22,R,5.271,Y,Cobalt-60
AIR-CHARCOAL,B103183,86.64955057152,M3,118,60,3043,DUTCH HARBOR,AK,CS137,,,.11,PCI/M3,2011-03-29,R,30.17,Y,Cesium-137
AIR-CHARCOAL,B103151,86.93271903744,M3,118,60,3043,DUTCH HARBOR,AK,I131,.392,.056,,PCI/M3,2011-03-25,R,8.0233,D,Iodine-131
AIR-CHARCOAL,B102973,85.51687670784,M3,118,60,3043,DUTCH HARBOR,AK,CS137,,,.13,PCI/M3,2011-03-26,R,30.17,Y,Cesium-137
AIR-CHARCOAL,B102973,85.51687670784,M3,118,60,3043,DUTCH HARBOR,AK,CO60,,,.15,PCI/M3,2011-03-26,R,5.271,Y,Cobalt-60
AIR-CHARCOAL,B103679,89.76440369664,M3,118,60,3043,DUTCH HARBOR,AK,CO60,,,.14,PCI/M3,2011-04-02,R,5.271,Y,Cobalt-60
AIR-CHARCOAL,B102531,84.38420284416,M3,118,60,3043,DUTCH HARBOR,AK,I131,.519,.055,,PCI/M3,2011-03-21,R,8.0233,D,Iodine-131
AIR-CHARCOAL,B102531,84.38420284416,M3,118,60,3043,DUTCH HARBOR,AK,CS137,,,.078,PCI/M3,2011-03-21,R,30.17,Y,Cesium-137
AIR-CHARCOAL,B102473,126.29313580032,M3,118,60,3043,DUTCH HARBOR,AK,I131,2.42,.16,,PCI/M3,2011-03-19,R,8.0233,D,Iodine-131
AIR-CHARCOAL,B103453,484.2180767232,M3,118,60,1,MONTGOMERY,AL,CO60,,,.0036,PCI/M3,2011-04-04,R,5.271,Y,Cobalt-60
AIR-CHARCOAL,B103706,117.23174489088,M3,118,60,1,MONTGOMERY,AL,CS137,,,.088,PCI/M3,2011-04-06,R,30.17,Y,Cesium-137
AIR-CHARCOAL,B102677,237.29517444096,M3,118,60,1,MONTGOMERY,AL,CS137,,,.041,PCI/M3,2011-03-24,R,30.17,Y,Cesium-137
AIR-CHARCOAL,B103845,281.18628665856,M3,118,60,43,LAS VEGAS,NV,I131,,,.039,PCI/M3,2011-04-06,R,8.0233,D,Iodine-131
AIR-CHARCOAL,B103845,281.18628665856,M3,118,60,43,LAS VEGAS,NV,CS137,,,.037,PCI/M3,2011-04-06,R,30.17,Y,Cesium-137
AIR-CHARCOAL,B103328,136.77036903936,M3,118,60,43,LAS VEGAS,NV,CO60,,,.068,PCI/M3,2011-03-31,R,5.271,Y,Cobalt-60
AIR-CHARCOAL,B103197,143.0000752896,M3,118,60,43,LAS VEGAS,NV,BA140,,,.13,PCI/M3,2011-03-30,R,12.789,D,Barium-140
AIR-CHARCOAL,B103043,130.54066278912,M3,118,60,43,LAS VEGAS,NV,CS137,,,.1,PCI/M3,2011-03-29,R,30.17,Y,Cesium-137
AIR-CHARCOAL,B102772,124.5941250048,M3,118,60,43,LAS VEGAS,NV,BA140,,,.17,PCI/M3,2011-03-24,R,12.789,D,Barium-140
AIR-CHARCOAL,B102668,127.70897812992,M3,118,60,43,LAS VEGAS,NV,CS137,,,.064,PCI/M3,2011-03-18,R,30.17,Y,Cesium-137
AIR-CHARCOAL,B103877,108.73669091328,M3,118,60,186,BOISE,ID,BA140,,,.29,PCI/M3,2011-04-07,R,12.789,D,Barium-140
AIR-CHARCOAL,B103532,113.536396410624,M3,118,60,186,BOISE,ID,K40,1.43,.35,,PCI/M3,2011-04-03,R,1277000000,Y,Potassium-40
AIR-CHARCOAL,B103532,113.536396410624,M3,118,60,186,BOISE,ID,I131,.055,.025,,PCI/M3,2011-04-03,R,8.0233,D,Iodine-131
AIR-CHARCOAL,B103347,108.97398608772096,M3,118,60,186,BOISE,ID,I131,,,.09,PCI/M3,2011-04-01,R,8.0233,D,Iodine-131
AIR-CHARCOAL,B103325,110.71887017472,M3,118,60,186,BOISE,ID,K40,1.94,.4,,PCI/M3,2011-03-30,R,1277000000,Y,Potassium-40
AIR-CHARCOAL,B103325,110.71887017472,M3,118,60,186,BOISE,ID,I131,.239,.037,,PCI/M3,2011-03-30,R,8.0233,D,Iodine-131
AIR-CHARCOAL,B103193,110.15253324288,M3,118,60,186,BOISE,ID,K40,2.12,.32,,PCI/M3,2011-03-29,R,1277000000,Y,Potassium-40
AIR-CHARCOAL,B103193,110.15253324288,M3,118,60,186,BOISE,ID,BA140,,,.25,PCI/M3,2011-03-29,R,12.789,D,Barium-140
AIR-CHARCOAL,B103044,113.267386368,M3,118,60,186,BOISE,ID,CS137,,,.1,PCI/M3,2011-03-28,R,30.17,Y,Cesium-137
AIR-CHARCOAL,B102899,100.80797386752,M3,118,60,186,BOISE,ID,K40,1.71,.38,,PCI/M3,2011-03-25,R,1277000000,Y,Potassium-40
AIR-CHARCOAL,B102994,122.61194574336,M3,118,60,186,BOISE,ID,CS137,,,.084,PCI/M3,2011-03-27,R,30.17,Y,Cesium-137
AIR-CHARCOAL,B102561,99.95846846976,M3,118,60,186,BOISE,ID,I131,.66,.055,,PCI/M3,2011-03-22,R,8.0233,D,Iodine-131
AIR-CHARCOAL,B102930,119.49709261824,M3,118,60,4059,SAN BERNARDINO,CA,CO60,,,.1,PCI/M3,2011-03-23,R,5.271,Y,Cobalt-60
AIR-CHARCOAL,B103508,106.18817472,M3,118,60,2727,JUNEAU,AK,CS137,,,.12,PCI/M3,2011-04-03,R,30.17,Y,Cesium-137
AIR-CHARCOAL,B103500,94.096881225216,M3,118,60,2727,JUNEAU,AK,I131,.073,.019,,PCI/M3,2011-04-04,R,8.0233,D,Iodine-131
AIR-CHARCOAL,B103185,134.731556084736,M3,118,60,2727,JUNEAU,AK,BA140,,,.32,PCI/M3,2011-03-30,R,12.789,D,Barium-140
AIR-CHARCOAL,B103314,148.663444608,M3,118,60,2727,JUNEAU,AK,K40,.86,.28,,PCI/M3,2011-03-31,R,1277000000,Y,Potassium-40
AIR-CHARCOAL,B102964,145.54859148288,M3,118,60,2727,JUNEAU,AK,CS137,,,.081,PCI/M3,2011-03-27,R,30.17,Y,Cesium-137
AIR-CHARCOAL,B102964,145.54859148288,M3,118,60,2727,JUNEAU,AK,BA140,,,.24,PCI/M3,2011-03-27,R,12.789,D,Barium-140
AIR-CHARCOAL,B103684,137.138488045056,M3,118,60,2727,JUNEAU,AK,K40,1.04,.23,,PCI/M3,2011-04-05,R,1277000000,Y,Potassium-40
AIR-CHARCOAL,B102461,141.30106449408,M3,118,60,2727,JUNEAU,AK,TL208,.27,.19,,PCI/M3,2011-03-21,R,3.053,M,Thallium-208
AIR-CHARCOAL,B102461,141.30106449408,M3,118,60,2727,JUNEAU,AK,I131,.037,.015,,PCI/M3,2011-03-21,R,8.0233,D,Iodine-131
AIR-CHARCOAL,B102925,130.54066278912,M3,118,60,4066,ANAHEIM,CA,CS137,,,.079,PCI/M3,2011-03-23,R,30.17,Y,Cesium-137
AIR-CHARCOAL,B102558,132.23967358464,M3,118,60,4066,ANAHEIM,CA,I131,1.92,.12,,PCI/M3,2011-03-21,R,8.0233,D,Iodine-131
AIR-CHARCOAL,B103620,114.11689176576,M3,118,60,4112,NOME,AK,CO60,,,.093,PCI/M3,2011-04-05,R,5.271,Y,Cobalt-60
AIR-CHARCOAL,B103616,130.54066278912,M3,118,60,4112,NOME,AK,CO60,,,.011,PCI/M3,2011-04-04,R,5.271,Y,Cobalt-60
AIR-CHARCOAL,B103559,142.15056989184,M3,118,60,4112,NOME,AK,I131,.057,.02,,PCI/M3,2011-04-02,R,8.0233,D,Iodine-131
AIR-CHARCOAL,B103559,142.15056989184,M3,118,60,4112,NOME,AK,CS137,,,.079,PCI/M3,2011-04-02,R,30.17,Y,Cesium-137
AIR-CHARCOAL,B103541,139.31888523264,M3,118,60,4112,NOME,AK,I131,.061,.023,,PCI/M3,2011-03-31,R,8.0233,D,Iodine-131
AIR-CHARCOAL,B103295,145.54859148288,M3,118,60,4112,NOME,AK,CO60,,,.089,PCI/M3,2011-03-28,R,5.271,Y,Cobalt-60
AIR-CHARCOAL,B103285,138.7525483008,M3,118,60,4112,NOME,AK,TL208,7.2,3.6,,PCI/M3,2011-03-29,R,3.053,M,Thallium-208
AIR-CHARCOAL,B103285,138.7525483008,M3,118,60,4112,NOME,AK,CS137,,,.097,PCI/M3,2011-03-29,R,30.17,Y,Cesium-137
AIR-CHARCOAL,B102659,132.80601051648,M3,118,60,4112,NOME,AK,K40,.39,.16,,PCI/M3,2011-03-23,R,1277000000,Y,Potassium-40
AIR-CHARCOAL,B102546,132.80601051648,M3,118,60,4112,NOME,AK,I131,.41,.039,,PCI/M3,2011-03-21,R,8.0233,D,Iodine-131
AIR-CHARCOAL,B103630,107.6040170496,M3,118,60,4113,GUAM,GU,K40,1.98,.43,,PCI/M3,2011-04-02,R,1277000000,Y,Potassium-40
AIR-CHARCOAL,B103411,99.67530000384,M3,118,60,4113,GUAM,GU,BA140,,,.38,PCI/M3,2011-04-01,R,12.789,D,Barium-140
AIR-CHARCOAL,B103401,107.03768011776,M3,118,60,4113,GUAM,GU,BA140,,,.28,PCI/M3,2011-03-31,R,12.789,D,Barium-140
AIR-CHARCOAL,B103303,111.56837557248,M3,118,60,4113,GUAM,GU,BA140,,,.26,PCI/M3,2011-03-30,R,12.789,D,Barium-140
AIR-CHARCOAL,B102956,116.94857642496,M3,118,60,4113,GUAM,GU,CO60,,,.013,PCI/M3,2011-03-27,R,5.271,Y,Cobalt-60
AIR-CHARCOAL,B102953,106.75451165184,M3,118,60,4113,GUAM,GU,BA140,,,.32,PCI/M3,2011-03-26,R,12.789,D,Barium-140
AIR-CHARCOAL,B102852,109.30302784512,M3,118,60,4113,GUAM,GU,BA140,,,.33,PCI/M3,2011-03-24,R,12.789,D,Barium-140
AIR-CHARCOAL,B102485,105.33866932224,M3,118,60,4113,GUAM,GU,K40,.32,.21,,PCI/M3,2011-03-20,R,1277000000,Y,Potassium-40
AIR-CHARCOAL,B103762,114.6832286976,M3,118,60,4115,SAIPAN,CNMI,K40,1.48,.31,,PCI/M3,2011-04-04,R,1277000000,Y,Potassium-40
AIR-CHARCOAL,B103389,112.98421790208,M3,118,60,4115,SAIPAN,CNMI,CS137,,,.053,PCI/M3,2011-03-31,R,30.17,Y,Cesium-137
AIR-CHARCOAL,B103389,112.98421790208,M3,118,60,4115,SAIPAN,CNMI,I131,,,.095,PCI/M3,2011-03-31,R,8.0233,D,Iodine-131
AIR-CHARCOAL,B103310,110.71887017472,M3,118,60,4115,SAIPAN,CNMI,CS137,,,.065,PCI/M3,2011-03-29,R,30.17,Y,Cesium-137
AIR-CHARCOAL,B103135,111.56837557248,M3,118,60,4115,SAIPAN,CNMI,K40,.43,.19,,PCI/M3,2011-03-26,R,1277000000,Y,Potassium-40
AIR-CHARCOAL,B103133,111.8515440384,M3,118,60,4115,SAIPAN,CNMI,BA140,,,.31,PCI/M3,2011-03-25,R,12.789,D,Barium-140
AIR-CHARCOAL,B103187,111.28520710656,M3,118,60,4115,SAIPAN,CNMI,I131,,,.1,PCI/M3,2011-03-28,R,8.0233,D,Iodine-131
AIR-CHARCOAL,B102836,105.62183778816,M3,118,60,4115,SAIPAN,CNMI,I131,.057,.023,,PCI/M3,2011-03-24,R,8.0233,D,Iodine-131
AIR-CHARCOAL,B102764,107.88718551552,M3,118,60,4115,SAIPAN,CNMI,CO60,,,.083,PCI/M3,2011-03-22,R,5.271,Y,Cobalt-60
AIR-CHARCOAL,B103893,116.94857642496,M3,118,60,4116,KAHUKU,HI,K40,1.85,.31,,PCI/M3,2011-04-08,R,1277000000,Y,Potassium-40
AIR-CHARCOAL,B103893,116.94857642496,M3,118,60,4116,KAHUKU,HI,PB212,9.4,5.5,,PCI/M3,2011-04-08,R,10.643,H,Lead-212
AIR-CHARCOAL,B103795,115.53273409536,M3,118,60,4116,KAHUKU,HI,PB212,2.4,1.4,,PCI/M3,2011-04-06,R,10.643,H,Lead-212
AIR-CHARCOAL,B103795,115.53273409536,M3,118,60,4116,KAHUKU,HI,CS137,,,.1,PCI/M3,2011-04-06,R,30.17,Y,Cesium-137
AIR-CHARCOAL,B103795,115.53273409536,M3,118,60,4116,KAHUKU,HI,CO60,,,.092,PCI/M3,2011-04-06,R,5.271,Y,Cobalt-60
AIR-CHARCOAL,B103746,116.38223949312,M3,118,60,4116,KAHUKU,HI,CO60,,,.15,PCI/M3,2011-04-05,R,5.271,Y,Cobalt-60
AIR-CHARCOAL,B103427,115.53273409536,M3,118,60,4116,KAHUKU,HI,I131,,,.092,PCI/M3,2011-04-01,R,8.0233,D,Iodine-131
AIR-CHARCOAL,B103427,115.53273409536,M3,118,60,4116,KAHUKU,HI,BA140,,,.31,PCI/M3,2011-04-01,R,12.789,D,Barium-140
AIR-CHARCOAL,B103160,117.23174489088,M3,118,60,4116,KAHUKU,HI,K40,2.16,.4,,PCI/M3,2011-03-27,R,1277000000,Y,Potassium-40
AIR-CHARCOAL,B103160,117.23174489088,M3,118,60,4116,KAHUKU,HI,CS137,,,.091,PCI/M3,2011-03-27,R,30.17,Y,Cesium-137
AIR-CHARCOAL,B103160,117.23174489088,M3,118,60,4116,KAHUKU,HI,CO60,,,.066,PCI/M3,2011-03-27,R,5.271,Y,Cobalt-60
AIR-CHARCOAL,B103189,117.79808182272,M3,118,60,4116,KAHUKU,HI,CS137,,,.083,PCI/M3,2011-03-29,R,30.17,Y,Cesium-137
AIR-CHARCOAL,B103189,117.79808182272,M3,118,60,4116,KAHUKU,HI,BA140,,,.38,PCI/M3,2011-03-29,R,12.789,D,Barium-140
AIR-CHARCOAL,B102868,120.06342955008,M3,118,60,4116,KAHUKU,HI,CO60,,,.044,PCI/M3,2011-03-24,R,5.271,Y,Cobalt-60
AIR-CHARCOAL,B102862,118.36441875456,M3,118,60,4116,KAHUKU,HI,K40,1.53,.3,,PCI/M3,2011-03-25,R,1277000000,Y,Potassium-40
AIR-CHARCOAL,B103676,119.78026108416,M3,118,60,4116,KAHUKU,HI,K40,1.27,.29,,PCI/M3,2011-04-04,R,1277000000,Y,Potassium-40
AIR-CHARCOAL,B102648,178.11296506368,M3,118,60,4116,KAHUKU,HI,I131,.759,.06,,PCI/M3,2011-03-20,R,8.0233,D,Iodine-131
AIR-CHARCOAL,B103906,115.985803640832,M3,118,60,4117,KAUAI,HI,BA140,,,.39,PCI/M3,2011-04-06,R,12.789,D,Barium-140
AIR-CHARCOAL,B103667,112.41788097024,M3,118,60,4117,KAUAI,HI,K40,1.44,.56,,PCI/M3,2011-04-03,R,1277000000,Y,Potassium-40
AIR-CHARCOAL,B103667,112.41788097024,M3,118,60,4117,KAUAI,HI,CS137,,,.15,PCI/M3,2011-04-03,R,30.17,Y,Cesium-137
AIR-CHARCOAL,B103667,112.41788097024,M3,118,60,4117,KAUAI,HI,BA140,,,.51,PCI/M3,2011-04-03,R,12.789,D,Barium-140
AIR-CHARCOAL,B103591,115.81590256128,M3,118,92.6333333333333,4117,KAUAI,HI,K40,2.05,.26,,PCI/M3,2011-04-01,R,1277000000,Y,Potassium-40
AIR-CHARCOAL,B103320,110.71887017472,M3,118,60,4117,KAUAI,HI,I131,.053,.031,,PCI/M3,2011-03-29,R,8.0233,D,Iodine-131
AIR-CHARCOAL,B103300,115.24956562944,M3,118,60,4117,KAUAI,HI,BA140,,,.46,PCI/M3,2011-03-28,R,12.789,D,Barium-140
AIR-CHARCOAL,B103149,116.94857642496,M3,118,60,4117,KAUAI,HI,K40,1.42,.32,,PCI/M3,2011-03-25,R,1277000000,Y,Potassium-40
AIR-CHARCOAL,B103145,111.936494578176,M3,118,60,4117,KAUAI,HI,CS137,,,.15,PCI/M3,2011-03-27,R,30.17,Y,Cesium-137
AIR-CHARCOAL,B102830,112.98421790208,M3,118,60,4117,KAUAI,HI,I131,.304,.041,,PCI/M3,2011-03-23,R,8.0233,D,Iodine-131
AIR-CHARCOAL,B102822,116.38223949312,M3,118,60,4117,KAUAI,HI,BA140,,,.25,PCI/M3,2011-03-24,R,12.789,D,Barium-140
AIR-CHARCOAL,B103495,85.23370824192,M3,118,60,3043,DUTCH HARBOR,AK,I131,,,.17,PCI/M3,2011-04-01,R,8.0233,D,Iodine-131
AIR-CHARCOAL,B103158,87.49905596928,M3,118,60,3043,DUTCH HARBOR,AK,CO60,,,.12,PCI/M3,2011-03-28,R,5.271,Y,Cobalt-60
AIR-CHARCOAL,B103156,86.3663821056,M3,118,60,3043,DUTCH HARBOR,AK,BA140,,,.43,PCI/M3,2011-03-27,R,12.789,D,Barium-140
AIR-CHARCOAL,B103270,86.08321363968,M3,118,60,3043,DUTCH HARBOR,AK,K40,2.02,.53,,PCI/M3,2011-03-30,R,1277000000,Y,Potassium-40
AIR-CHARCOAL,B103270,86.08321363968,M3,118,60,3043,DUTCH HARBOR,AK,CO60,,,.24,PCI/M3,2011-03-30,R,5.271,Y,Cobalt-60
AIR-CHARCOAL,B103270,86.08321363968,M3,118,60,3043,DUTCH HARBOR,AK,BA140,,,.29,PCI/M3,2011-03-30,R,12.789,D,Barium-140
AIR-CHARCOAL,B103679,89.76440369664,M3,118,60,3043,DUTCH HARBOR,AK,I131,.076,.025,,PCI/M3,2011-04-02,R,8.0233,D,Iodine-131
AIR-CHARCOAL,B102729,86.08321363968,M3,118,60,3043,DUTCH HARBOR,AK,I131,.069,.033,,PCI/M3,2011-03-23,R,8.0233,D,Iodine-131
AIR-CHARCOAL,B102653,88.34856136704,M3,118,60,3043,DUTCH HARBOR,AK,CS137,,,.18,PCI/M3,2011-03-22,R,30.17,Y,Cesium-137
AIR-CHARCOAL,B103918,359.6239517184,M3,118,60,1,MONTGOMERY,AL,CS137,,,.019,PCI/M3,2011-04-11,R,30.17,Y,Cesium-137
AIR-CHARCOAL,B103453,484.2180767232,M3,118,60,1,MONTGOMERY,AL,BA140,,,.075,PCI/M3,2011-04-04,R,12.789,D,Barium-140
AIR-CHARCOAL,B103244,368.119005696,M3,118,60,1,MONTGOMERY,AL,K40,.562,.091,,PCI/M3,2011-03-31,R,1277000000,Y,Potassium-40
AIR-CHARCOAL,B103706,117.23174489088,M3,118,60,1,MONTGOMERY,AL,CO60,,,.091,PCI/M3,2011-04-06,R,5.271,Y,Cobalt-60
AIR-CHARCOAL,B103436,137.90304290304,M3,118,60,43,LAS VEGAS,NV,I131,,,.069,PCI/M3,2011-04-01,R,8.0233,D,Iodine-131
AIR-CHARCOAL,B103436,137.90304290304,M3,118,60,43,LAS VEGAS,NV,CO60,,,.061,PCI/M3,2011-04-01,R,5.271,Y,Cobalt-60
AIR-CHARCOAL,B103197,143.0000752896,M3,118,60,43,LAS VEGAS,NV,CS137,,,.058,PCI/M3,2011-03-30,R,30.17,Y,Cesium-137
AIR-CHARCOAL,B103043,130.54066278912,M3,118,60,43,LAS VEGAS,NV,CO60,,,.17,PCI/M3,2011-03-29,R,5.271,Y,Cobalt-60
AIR-CHARCOAL,B103043,130.54066278912,M3,118,60,43,LAS VEGAS,NV,BA140,,,.31,PCI/M3,2011-03-29,R,12.789,D,Barium-140
AIR-CHARCOAL,B102948,421.9210142208,M3,118,60,43,LAS VEGAS,NV,BA140,,,.11,PCI/M3,2011-03-28,R,12.789,D,Barium-140
AIR-CHARCOAL,B102674,131.6733366528,M3,118,60,43,LAS VEGAS,NV,I131,.643,.05,,PCI/M3,2011-03-22,R,8.0233,D,Iodine-131
AIR-CHARCOAL,B102669,373.7823750144,M3,118,60,43,LAS VEGAS,NV,K40,.491,.093,,PCI/M3,2011-03-21,R,1277000000,Y,Potassium-40
AIR-CHARCOAL,B103877,108.73669091328,M3,118,60,186,BOISE,ID,CO60,,,.14,PCI/M3,2011-04-07,R,5.271,Y,Cobalt-60
AIR-CHARCOAL,B103821,112.13471250432,M3,118,60,186,BOISE,ID,CS137,,,.09,PCI/M3,2011-04-06,R,30.17,Y,Cesium-137
AIR-CHARCOAL,B103522,108.87827514624,M3,118,60,186,BOISE,ID,K40,1.66,.34,,PCI/M3,2011-04-02,R,1277000000,Y,Potassium-40
AIR-CHARCOAL,B103433,109.1218000269312,M3,118,60,186,BOISE,ID,BA140,,,.25,PCI/M3,2011-04-01,R,12.789,D,Barium-140
AIR-CHARCOAL,B103433,109.1218000269312,M3,118,60,186,BOISE,ID,I131,.048,.023,,PCI/M3,2011-04-01,R,8.0233,D,Iodine-131
AIR-CHARCOAL,B103193,110.15253324288,M3,118,60,186,BOISE,ID,I131,.267,.033,,PCI/M3,2011-03-29,R,8.0233,D,Iodine-131
AIR-CHARCOAL,B102899,100.80797386752,M3,118,60,186,BOISE,ID,CO60,,,.12,PCI/M3,2011-03-25,R,5.271,Y,Cobalt-60
AIR-CHARCOAL,B102893,111.56837557248,M3,118,60,186,BOISE,ID,PB212,37,18,,PCI/M3,2011-03-26,R,10.643,H,Lead-212
AIR-CHARCOAL,B102893,111.56837557248,M3,118,60,186,BOISE,ID,K40,1.77,.33,,PCI/M3,2011-03-26,R,1277000000,Y,Potassium-40
AIR-CHARCOAL,B102893,111.56837557248,M3,118,60,186,BOISE,ID,CO60,,,.11,PCI/M3,2011-03-26,R,5.271,Y,Cobalt-60
AIR-CHARCOAL,B103698,114.40006023168,M3,118,60,186,BOISE,ID,I131,.079,.027,,PCI/M3,2011-04-04,R,8.0233,D,Iodine-131
AIR-CHARCOAL,B102662,46.7227968768,M3,118,60,186,BOISE,ID,RA226,,,2,PCI/M3,2011-03-22,R,1600,Y,Radium-226
AIR-CHARCOAL,B102930,119.49709261824,M3,118,60,4059,SAN BERNARDINO,CA,I131,,,.16,PCI/M3,2011-03-23,R,8.0233,D,Iodine-131
AIR-CHARCOAL,B102930,119.49709261824,M3,118,60,4059,SAN BERNARDINO,CA,BA140,,,.37,PCI/M3,2011-03-23,R,12.789,D,Barium-140
AIR-CHARCOAL,B102503,252.30310313472,M3,118,800,4059,SAN BERNARDINO,CA,K40,.837,.07,,PCI/M3,2011-03-20,R,1277000000,Y,Potassium-40
AIR-CHARCOAL,B103759,145.26542301696,M3,118,60,2727,JUNEAU,AK,K40,.52,.25,,PCI/M3,2011-04-06,R,1277000000,Y,Potassium-40
AIR-CHARCOAL,B103759,145.26542301696,M3,118,60,2727,JUNEAU,AK,CS137,,,.056,PCI/M3,2011-04-06,R,30.17,Y,Cesium-137
AIR-CHARCOAL,B103515,150.64562386944,M3,118,60,2727,JUNEAU,AK,CO60,,,.07,PCI/M3,2011-04-02,R,5.271,Y,Cobalt-60
AIR-CHARCOAL,B103508,106.18817472,M3,118,60,2727,JUNEAU,AK,CO60,,,.12,PCI/M3,2011-04-03,R,5.271,Y,Cobalt-60
AIR-CHARCOAL,B103141,47.57230227456,M3,118,65.1666666666667,2727,JUNEAU,AK,BA140,,,.75,PCI/M3,2011-03-27,R,12.789,D,Barium-140
AIR-CHARCOAL,B102886,142.71690682368,M3,118,60,2727,JUNEAU,AK,I131,.093,.021,,PCI/M3,2011-03-25,R,8.0233,D,Iodine-131
AIR-CHARCOAL,B102959,143.0000752896,M3,118,60,2727,JUNEAU,AK,I131,.431,.048,,PCI/M3,2011-03-26,R,8.0233,D,Iodine-131
AIR-CHARCOAL,B103684,137.138488045056,M3,118,60,2727,JUNEAU,AK,I131,,,.083,PCI/M3,2011-04-05,R,8.0233,D,Iodine-131
AIR-CHARCOAL,B102758,145.54859148288,M3,118,60,2727,JUNEAU,AK,K40,1.15,.28,,PCI/M3,2011-03-24,R,1277000000,Y,Potassium-40
AIR-CHARCOAL,B102758,145.54859148288,M3,118,60,2727,JUNEAU,AK,CO60,,,.11,PCI/M3,2011-03-24,R,5.271,Y,Cobalt-60
AIR-CHARCOAL,B102464,243.24171222528,M3,118,60,2727,JUNEAU,AK,K40,.55,.14,,PCI/M3,2011-03-20,R,1277000000,Y,Potassium-40
AIR-CHARCOAL,B102464,243.24171222528,M3,118,60,2727,JUNEAU,AK,BA140,,,.076,PCI/M3,2011-03-20,R,12.789,D,Barium-140
AIR-CHARCOAL,B102551,142.15056989184,M3,118,60,2727,JUNEAU,AK,I131,.175,.026,,PCI/M3,2011-03-22,R,8.0233,D,Iodine-131
AIR-CHARCOAL,B103620,114.11689176576,M3,118,60,4112,NOME,AK,BA140,,,.35,PCI/M3,2011-04-05,R,12.789,D,Barium-140
AIR-CHARCOAL,B103609,152.06146619904,M3,118,60,4112,NOME,AK,CS137,,,.055,PCI/M3,2011-04-03,R,30.17,Y,Cesium-137
AIR-CHARCOAL,B103559,142.15056989184,M3,118,60,4112,NOME,AK,TL208,46,23,,PCI/M3,2011-04-02,R,3.053,M,Thallium-208
AIR-CHARCOAL,B103285,138.7525483008,M3,118,60,4112,NOME,AK,I131,.357,.037,,PCI/M3,2011-03-29,R,8.0233,D,Iodine-131
AIR-CHARCOAL,B103290,138.18621136896,M3,118,60,4112,NOME,AK,CO60,,,.051,PCI/M3,2011-03-27,R,5.271,Y,Cobalt-60
AIR-CHARCOAL,B102945,140.45155909632,M3,118,60,4112,NOME,AK,CO60,,,.1,PCI/M3,2011-03-25,R,5.271,Y,Cobalt-60
AIR-CHARCOAL,B102744,130.82383125504,M3,118,60,4112,NOME,AK,CO60,,,.059,PCI/M3,2011-03-24,R,5.271,Y,Cobalt-60
AIR-CHARCOAL,B102534,139.31888523264,M3,118,60,4112,NOME,AK,CS137,,,.053,PCI/M3,2011-03-22,R,30.17,Y,Cesium-137
AIR-CHARCOAL,B102546,132.80601051648,M3,118,60,4112,NOME,AK,CS137,,,.06,PCI/M3,2011-03-21,R,30.17,Y,Cesium-137
AIR-CHARCOAL,B103646,113.55055483392,M3,118,60,4113,GUAM,GU,BA140,,,.25,PCI/M3,2011-04-04,R,12.789,D,Barium-140
AIR-CHARCOAL,B103635,112.41788097024,M3,118,60,4113,GUAM,GU,K40,1.2,.31,,PCI/M3,2011-04-03,R,1277000000,Y,Potassium-40
AIR-CHARCOAL,B103635,112.41788097024,M3,118,60,4113,GUAM,GU,CS137,,,.062,PCI/M3,2011-04-03,R,30.17,Y,Cesium-137
AIR-CHARCOAL,B103635,112.41788097024,M3,118,60,4113,GUAM,GU,CO60,,,.091,PCI/M3,2011-04-03,R,5.271,Y,Cobalt-60
AIR-CHARCOAL,B103630,107.6040170496,M3,118,60,4113,GUAM,GU,I131,,,.11,PCI/M3,2011-04-02,R,8.0233,D,Iodine-131
AIR-CHARCOAL,B103630,107.6040170496,M3,118,60,4113,GUAM,GU,BA140,,,.53,PCI/M3,2011-04-02,R,12.789,D,Barium-140
AIR-CHARCOAL,B103411,99.67530000384,M3,118,60,4113,GUAM,GU,K40,2.58,.41,,PCI/M3,2011-04-01,R,1277000000,Y,Potassium-40
AIR-CHARCOAL,B103401,107.03768011776,M3,118,60,4113,GUAM,GU,K40,1.32,.3,,PCI/M3,2011-03-31,R,1277000000,Y,Potassium-40
AIR-CHARCOAL,B103401,107.03768011776,M3,118,60,4113,GUAM,GU,CO60,,,.15,PCI/M3,2011-03-31,R,5.271,Y,Cobalt-60
AIR-CHARCOAL,B103153,115.24956562944,M3,118,60,4113,GUAM,GU,CO60,,,.085,PCI/M3,2011-03-28,R,5.271,Y,Cobalt-60
AIR-CHARCOAL,B102956,116.94857642496,M3,118,60,4113,GUAM,GU,K40,1.19,.47,,PCI/M3,2011-03-27,R,1277000000,Y,Potassium-40
AIR-CHARCOAL,B102956,116.94857642496,M3,118,60,4113,GUAM,GU,I131,,,.091,PCI/M3,2011-03-27,R,8.0233,D,Iodine-131
AIR-CHARCOAL,B102956,116.94857642496,M3,118,60,4113,GUAM,GU,BA140,,,.32,PCI/M3,2011-03-27,R,12.789,D,Barium-140
AIR-CHARCOAL,B102953,106.75451165184,M3,118,60,4113,GUAM,GU,CO60,,,.1,PCI/M3,2011-03-26,R,5.271,Y,Cobalt-60
AIR-CHARCOAL,B102950,104.3249262142464,M3,118,60,4113,GUAM,GU,CO60,,,.14,PCI/M3,2011-03-25,R,5.271,Y,Cobalt-60
AIR-CHARCOAL,B102852,109.30302784512,M3,118,60,4113,GUAM,GU,I131,,,.099,PCI/M3,2011-03-24,R,8.0233,D,Iodine-131
AIR-CHARCOAL,B102852,109.30302784512,M3,118,60,4113,GUAM,GU,CO60,,,.048,PCI/M3,2011-03-24,R,5.271,Y,Cobalt-60
AIR-CHARCOAL,B102482,93.16242528768,M3,118,60,4113,GUAM,GU,CS137,,,.1,PCI/M3,2011-03-19,R,30.17,Y,Cesium-137
AIR-CHARCOAL,B102544,103.1101334954496,M3,118,60,4113,GUAM,GU,K40,.29,.21,,PCI/M3,2011-03-21,R,1277000000,Y,Potassium-40
AIR-CHARCOAL,B103389,112.98421790208,M3,118,60,4115,SAIPAN,CNMI,CO60,,,.1,PCI/M3,2011-03-31,R,5.271,Y,Cobalt-60
AIR-CHARCOAL,B103389,112.98421790208,M3,118,60,4115,SAIPAN,CNMI,TL208,25,14,,PCI/M3,2011-03-31,R,3.053,M,Thallium-208
AIR-CHARCOAL,B103137,112.41788097024,M3,118,60,4115,SAIPAN,CNMI,CO60,,,.11,PCI/M3,2011-03-27,R,5.271,Y,Cobalt-60
AIR-CHARCOAL,B103133,111.8515440384,M3,118,60,4115,SAIPAN,CNMI,CS137,,,.085,PCI/M3,2011-03-25,R,30.17,Y,Cesium-137
AIR-CHARCOAL,B103690,113.83372329984,M3,118,60,4115,SAIPAN,CNMI,CS137,,,.1,PCI/M3,2011-04-01,R,30.17,Y,Cesium-137
AIR-CHARCOAL,B103893,116.94857642496,M3,118,60,4116,KAHUKU,HI,I131,,,.067,PCI/M3,2011-04-08,R,8.0233,D,Iodine-131
AIR-CHARCOAL,B103795,115.53273409536,M3,118,60,4116,KAHUKU,HI,K40,1.62,.4,,PCI/M3,2011-04-06,R,1277000000,Y,Potassium-40
AIR-CHARCOAL,B103394,117.79808182272,M3,118,60,4116,KAHUKU,HI,K40,1.83,.37,,PCI/M3,2011-03-31,R,1277000000,Y,Potassium-40
AIR-CHARCOAL,B103139,95.14460454912,M3,118,60,4116,KAHUKU,HI,I131,.519,.06,,PCI/M3,2011-03-26,R,8.0233,D,Iodine-131
AIR-CHARCOAL,B102868,120.06342955008,M3,118,60,4116,KAHUKU,HI,CS137,,,.079,PCI/M3,2011-03-24,R,30.17,Y,Cesium-137
AIR-CHARCOAL,B102862,118.36441875456,M3,118,60,4116,KAHUKU,HI,I131,.41,.045,,PCI/M3,2011-03-25,R,8.0233,D,Iodine-131
AIR-CHARCOAL,B103676,119.78026108416,M3,118,60,4116,KAHUKU,HI,CS137,,,.064,PCI/M3,2011-04-04,R,30.17,Y,Cesium-137
AIR-CHARCOAL,B103676,119.78026108416,M3,118,60,4116,KAHUKU,HI,CO60,,,.068,PCI/M3,2011-04-04,R,5.271,Y,Cobalt-60
AIR-CHARCOAL,B103673,116.94857642496,M3,118,60,4116,KAHUKU,HI,K40,1.28,.37,,PCI/M3,2011-04-03,R,1277000000,Y,Potassium-40
AIR-CHARCOAL,B103670,120.62976648192,M3,118,60,4116,KAHUKU,HI,K40,1.21,.32,,PCI/M3,2011-04-02,R,1277000000,Y,Potassium-40
AIR-CHARCOAL,B103670,120.62976648192,M3,118,60,4116,KAHUKU,HI,I131,,,.12,PCI/M3,2011-04-02,R,8.0233,D,Iodine-131
AIR-CHARCOAL,B102754,117.79808182272,M3,118,60,4116,KAHUKU,HI,I131,.805,.066,,PCI/M3,2011-03-23,R,8.0233,D,Iodine-131
AIR-CHARCOAL,B102754,117.79808182272,M3,118,60,4116,KAHUKU,HI,CS137,,,.095,PCI/M3,2011-03-23,R,30.17,Y,Cesium-137
AIR-CHARCOAL,B103906,115.985803640832,M3,118,60,4117,KAUAI,HI,CO60,,,.012,PCI/M3,2011-04-06,R,5.271,Y,Cobalt-60
AIR-CHARCOAL,B103906,115.985803640832,M3,118,60,4117,KAUAI,HI,CS137,,,.07,PCI/M3,2011-04-06,R,30.17,Y,Cesium-137
AIR-CHARCOAL,B103831,116.38223949312,M3,118,60,4117,KAUAI,HI,K40,1.81,.37,,PCI/M3,2011-04-04,R,1277000000,Y,Potassium-40
AIR-CHARCOAL,B103834,118.08125028864,M3,118,60,4117,KAUAI,HI,K40,1.57,.36,,PCI/M3,2011-04-05,R,1277000000,Y,Potassium-40
AIR-CHARCOAL,B103662,115.53273409536,M3,118,60,4117,KAUAI,HI,CS137,,,.095,PCI/M3,2011-04-02,R,30.17,Y,Cesium-137
AIR-CHARCOAL,B103662,115.53273409536,M3,118,60,4117,KAUAI,HI,CO60,,,.18,PCI/M3,2011-04-02,R,5.271,Y,Cobalt-60
AIR-CHARCOAL,B103379,115.81590256128,M3,118,60,4117,KAUAI,HI,BA140,,,.3,PCI/M3,2011-03-31,R,12.789,D,Barium-140
AIR-CHARCOAL,B103430,112.98421790208,M3,118,60,4117,KAUAI,HI,K40,1.53,.33,,PCI/M3,2011-03-30,R,1277000000,Y,Potassium-40
AIR-CHARCOAL,B103430,112.98421790208,M3,118,60,4117,KAUAI,HI,I131,,,.085,PCI/M3,2011-03-30,R,8.0233,D,Iodine-131
AIR-CHARCOAL,B103320,110.71887017472,M3,118,60,4117,KAUAI,HI,BA140,,,.37,PCI/M3,2011-03-29,R,12.789,D,Barium-140
AIR-CHARCOAL,B103300,115.24956562944,M3,118,60,4117,KAUAI,HI,I131,.078,.04,,PCI/M3,2011-03-28,R,8.0233,D,Iodine-131
AIR-CHARCOAL,B102752,96.84361534464,M3,118,60,4117,KAUAI,HI,K40,1.64,.35,,PCI/M3,2011-03-22,R,1277000000,Y,Potassium-40
AIR-CHARCOAL,B103422,88.91489829888,M3,118,60,3043,DUTCH HARBOR,AK,CO60,,,.11,PCI/M3,2011-03-31,R,5.271,Y,Cobalt-60
AIR-CHARCOAL,B103495,85.23370824192,M3,118,60,3043,DUTCH HARBOR,AK,CO60,,,.2,PCI/M3,2011-04-01,R,5.271,Y,Cobalt-60
AIR-CHARCOAL,B103183,86.64955057152,M3,118,60,3043,DUTCH HARBOR,AK,BA140,,,.46,PCI/M3,2011-03-29,R,12.789,D,Barium-140
AIR-CHARCOAL,B103158,87.49905596928,M3,118,60,3043,DUTCH HARBOR,AK,CS137,,,.12,PCI/M3,2011-03-28,R,30.17,Y,Cesium-137
AIR-CHARCOAL,B103151,86.93271903744,M3,118,60,3043,DUTCH HARBOR,AK,BA140,,,.67,PCI/M3,2011-03-25,R,12.789,D,Barium-140
AIR-CHARCOAL,B102973,85.51687670784,M3,118,60,3043,DUTCH HARBOR,AK,I131,.213,.033,,PCI/M3,2011-03-26,R,8.0233,D,Iodine-131
AIR-CHARCOAL,B102531,84.38420284416,M3,118,60,3043,DUTCH HARBOR,AK,RA228,.37,.15,,PCI/M3,2011-03-21,R,5.75,Y,Radium-228
AIR-CHARCOAL,B102529,32.28120511488,M3,118,60,3043,DUTCH HARBOR,AK,BA140,,,.98,PCI/M3,2011-03-19,R,12.789,D,Barium-140
AIR-CHARCOAL,B103918,359.6239517184,M3,118,60,1,MONTGOMERY,AL,CO60,,,.032,PCI/M3,2011-04-11,R,5.271,Y,Cobalt-60
AIR-CHARCOAL,B103842,206.99614858752,M3,118,60,1,MONTGOMERY,AL,K40,1.1,.27,,PCI/M3,2011-04-08,R,1277000000,Y,Potassium-40
AIR-CHARCOAL,B103571,112.70104943616,M3,118,60,1,MONTGOMERY,AL,K40,1.91,.4,,PCI/M3,2011-04-05,R,1277000000,Y,Potassium-40
AIR-CHARCOAL,B103244,368.119005696,M3,118,60,1,MONTGOMERY,AL,BA140,,,.062,PCI/M3,2011-03-31,R,12.789,D,Barium-140
AIR-CHARCOAL,B103706,117.23174489088,M3,118,60,1,MONTGOMERY,AL,I131,.069,.021,,PCI/M3,2011-04-06,R,8.0233,D,Iodine-131
AIR-CHARCOAL,B103706,117.23174489088,M3,118,60,1,MONTGOMERY,AL,BA140,,,.26,PCI/M3,2011-04-06,R,12.789,D,Barium-140
AIR-CHARCOAL,B102677,237.29517444096,M3,118,60,1,MONTGOMERY,AL,K40,.64,.18,,PCI/M3,2011-03-24,R,1277000000,Y,Potassium-40
AIR-CHARCOAL,B102677,237.29517444096,M3,118,60,1,MONTGOMERY,AL,BA140,,,.15,PCI/M3,2011-03-24,R,12.789,D,Barium-140
AIR-CHARCOAL,B103197,143.0000752896,M3,118,60,43,LAS VEGAS,NV,CO60,,,.065,PCI/M3,2011-03-30,R,5.271,Y,Cobalt-60
AIR-CHARCOAL,B102948,421.9210142208,M3,118,60,43,LAS VEGAS,NV,K40,.43,.1,,PCI/M3,2011-03-28,R,1277000000,Y,Potassium-40
AIR-CHARCOAL,B102772,124.5941250048,M3,118,60,43,LAS VEGAS,NV,K40,1.47,.27,,PCI/M3,2011-03-24,R,1277000000,Y,Potassium-40
AIR-CHARCOAL,B103704,450.2378608128,M3,118,60,43,LAS VEGAS,NV,CO60,,,.0032,PCI/M3,2011-04-04,R,5.271,Y,Cobalt-60
AIR-CHARCOAL,B102674,131.6733366528,M3,118,60,43,LAS VEGAS,NV,BA140,,,.21,PCI/M3,2011-03-22,R,12.789,D,Barium-140
AIR-CHARCOAL,B102672,132.80601051648,M3,118,60,43,LAS VEGAS,NV,BA140,,,.2,PCI/M3,2011-03-23,R,12.789,D,Barium-140
AIR-CHARCOAL,B102669,373.7823750144,M3,118,60,43,LAS VEGAS,NV,I131,1.063,.067,,PCI/M3,2011-03-21,R,8.0233,D,Iodine-131
AIR-CHARCOAL,B103912,114.11689176576,M3,118,60,186,BOISE,ID,I131,.085,.024,,PCI/M3,2011-04-08,R,8.0233,D,Iodine-131
AIR-CHARCOAL,B103912,114.11689176576,M3,118,60,186,BOISE,ID,CS137,,,.12,PCI/M3,2011-04-08,R,30.17,Y,Cesium-137
AIR-CHARCOAL,B103912,114.11689176576,M3,118,60,186,BOISE,ID,CO60,,,.081,PCI/M3,2011-04-08,R,5.271,Y,Cobalt-60
AIR-CHARCOAL,B103877,108.73669091328,M3,118,60,186,BOISE,ID,I131,,,.13,PCI/M3,2011-04-07,R,8.0233,D,Iodine-131
AIR-CHARCOAL,B103522,108.87827514624,M3,118,60,186,BOISE,ID,CS137,,,.09,PCI/M3,2011-04-02,R,30.17,Y,Cesium-137
AIR-CHARCOAL,B103522,108.87827514624,M3,118,60,186,BOISE,ID,BA140,,,.24,PCI/M3,2011-04-02,R,12.789,D,Barium-140
AIR-CHARCOAL,B103347,108.97398608772096,M3,118,60,186,BOISE,ID,CS137,,,.064,PCI/M3,2011-04-01,R,30.17,Y,Cesium-137
AIR-CHARCOAL,B103044,113.267386368,M3,118,60,186,BOISE,ID,K40,1.23,.32,,PCI/M3,2011-03-28,R,1277000000,Y,Potassium-40
AIR-CHARCOAL,B102899,100.80797386752,M3,118,60,186,BOISE,ID,BA140,,,.52,PCI/M3,2011-03-25,R,12.789,D,Barium-140
AIR-CHARCOAL,B102893,111.56837557248,M3,118,60,186,BOISE,ID,I131,.413,.043,,PCI/M3,2011-03-26,R,8.0233,D,Iodine-131
AIR-CHARCOAL,B103698,114.40006023168,M3,118,60,186,BOISE,ID,CO60,,,.13,PCI/M3,2011-04-04,R,5.271,Y,Cobalt-60
AIR-CHARCOAL,B102662,46.7227968768,M3,118,60,186,BOISE,ID,K40,4.24,.78,,PCI/M3,2011-03-22,R,1277000000,Y,Potassium-40
AIR-CHARCOAL,B102506,53.51884005888,M3,118,800,186,BOISE,ID,I131,.501,.032,,PCI/M3,2011-03-21,R,8.0233,D,Iodine-131
AIR-CHARCOAL,B102561,99.95846846976,M3,118,60,186,BOISE,ID,CO60,,,.11,PCI/M3,2011-03-22,R,5.271,Y,Cobalt-60
AIR-CHARCOAL,B102651,139.03571676672,M3,118,60,4059,SAN BERNARDINO,CA,BA140,,,.32,PCI/M3,2011-03-22,R,12.789,D,Barium-140
AIR-CHARCOAL,B102503,252.30310313472,M3,118,800,4059,SAN BERNARDINO,CA,PB212,1.97,.63,,PCI/M3,2011-03-20,R,10.643,H,Lead-212
AIR-CHARCOAL,B102503,252.30310313472,M3,118,800,4059,SAN BERNARDINO,CA,I131,.685,.04,,PCI/M3,2011-03-20,R,8.0233,D,Iodine-131
AIR-CHARCOAL,B103515,150.64562386944,M3,118,60,2727,JUNEAU,AK,K40,.79,.21,,PCI/M3,2011-04-02,R,1277000000,Y,Potassium-40
AIR-CHARCOAL,B103500,94.096881225216,M3,118,60,2727,JUNEAU,AK,CO60,,,.098,PCI/M3,2011-04-04,R,5.271,Y,Cobalt-60
AIR-CHARCOAL,B103346,143.0000752896,M3,118,60,2727,JUNEAU,AK,BA140,,,.18,PCI/M3,2011-04-01,R,12.789,D,Barium-140
AIR-CHARCOAL,B103314,148.663444608,M3,118,60,2727,JUNEAU,AK,CS137,,,.07,PCI/M3,2011-03-31,R,30.17,Y,Cesium-137
AIR-CHARCOAL,B103143,90.33074062848,M3,118,60,2727,JUNEAU,AK,CS137,,,.081,PCI/M3,2011-03-29,R,30.17,Y,Cesium-137
AIR-CHARCOAL,B102886,142.71690682368,M3,118,60,2727,JUNEAU,AK,CO60,,,.059,PCI/M3,2011-03-25,R,5.271,Y,Cobalt-60
AIR-CHARCOAL,B102464,243.24171222528,M3,118,60,2727,JUNEAU,AK,CS137,,,.036,PCI/M3,2011-03-20,R,30.17,Y,Cesium-137
AIR-CHARCOAL,B102461,141.30106449408,M3,118,60,2727,JUNEAU,AK,RA228,,,.38,PCI/M3,2011-03-21,R,5.75,Y,Radium-228
AIR-CHARCOAL,B102500,203.8812954624,M3,118,800,4066,ANAHEIM,CA,BA140,,,.033,PCI/M3,2011-03-20,R,12.789,D,Barium-140
AIR-CHARCOAL,B103765,120.06342955008,M3,118,60,4112,NOME,AK,CO60,,,.14,PCI/M3,2011-04-06,R,5.271,Y,Cobalt-60
AIR-CHARCOAL,B103616,130.54066278912,M3,118,60,4112,NOME,AK,CS137,,,.093,PCI/M3,2011-04-04,R,30.17,Y,Cesium-137
AIR-CHARCOAL,B103549,139.31888523264,M3,118,60,4112,NOME,AK,CO60,,,.088,PCI/M3,2011-04-01,R,5.271,Y,Cobalt-60
AIR-CHARCOAL,B103541,139.31888523264,M3,118,60,4112,NOME,AK,CS137,,,.074,PCI/M3,2011-03-31,R,30.17,Y,Cesium-137
AIR-CHARCOAL,B103285,138.7525483008,M3,118,60,4112,NOME,AK,CO60,,,.11,PCI/M3,2011-03-29,R,5.271,Y,Cobalt-60
AIR-CHARCOAL,B103279,133.93868438016,M3,118,60,4112,NOME,AK,I131,.456,.051,,PCI/M3,2011-03-26,R,8.0233,D,Iodine-131
AIR-CHARCOAL,B103290,138.18621136896,M3,118,60,4112,NOME,AK,BA140,,,.28,PCI/M3,2011-03-27,R,12.789,D,Barium-140
AIR-CHARCOAL,B102945,140.45155909632,M3,118,60,4112,NOME,AK,PB212,55,37,,PCI/M3,2011-03-25,R,10.643,H,Lead-212
AIR-CHARCOAL,B103755,109.58619631104,M3,118,60,4113,GUAM,GU,K40,1.61,.53,,PCI/M3,2011-04-05,R,1277000000,Y,Potassium-40
AIR-CHARCOAL,B103411,99.67530000384,M3,118,60,4113,GUAM,GU,CS137,,,.13,PCI/M3,2011-04-01,R,30.17,Y,Cesium-137
AIR-CHARCOAL,B103401,107.03768011776,M3,118,60,4113,GUAM,GU,I131,,,.074,PCI/M3,2011-03-31,R,8.0233,D,Iodine-131
AIR-CHARCOAL,B103303,111.56837557248,M3,118,60,4113,GUAM,GU,CS137,,,.069,PCI/M3,2011-03-30,R,30.17,Y,Cesium-137
AIR-CHARCOAL,B103303,111.56837557248,M3,118,60,4113,GUAM,GU,CO60,,,.083,PCI/M3,2011-03-30,R,5.271,Y,Cobalt-60
AIR-CHARCOAL,B103153,115.24956562944,M3,118,60,4113,GUAM,GU,K40,1.85,.29,,PCI/M3,2011-03-28,R,1277000000,Y,Potassium-40
AIR-CHARCOAL,B103191,107.88718551552,M3,118,60,4113,GUAM,GU,BA140,,,.29,PCI/M3,2011-03-29,R,12.789,D,Barium-140
AIR-CHARCOAL,B102485,105.33866932224,M3,118,60,4113,GUAM,GU,PB212,4.5,2.8,,PCI/M3,2011-03-20,R,10.643,H,Lead-212
AIR-CHARCOAL,B102485,105.33866932224,M3,118,60,4113,GUAM,GU,I131,,,.085,PCI/M3,2011-03-20,R,8.0233,D,Iodine-131
AIR-CHARCOAL,B102544,103.1101334954496,M3,118,60,4113,GUAM,GU,I131,.638,.058,,PCI/M3,2011-03-21,R,8.0233,D,Iodine-131
AIR-CHARCOAL,B103654,112.70104943616,M3,118,60,4115,SAIPAN,CNMI,CO60,,,.07,PCI/M3,2011-04-02,R,5.271,Y,Cobalt-60
AIR-CHARCOAL,B103384,113.267386368,M3,118,60,4115,SAIPAN,CNMI,I131,,,.12,PCI/M3,2011-03-30,R,8.0233,D,Iodine-131
AIR-CHARCOAL,B103137,112.41788097024,M3,118,60,4115,SAIPAN,CNMI,I131,,,.094,PCI/M3,2011-03-27,R,8.0233,D,Iodine-131
AIR-CHARCOAL,B103135,111.56837557248,M3,118,60,4115,SAIPAN,CNMI,CO60,,,.095,PCI/M3,2011-03-26,R,5.271,Y,Cobalt-60
AIR-CHARCOAL,B102764,107.88718551552,M3,118,60,4115,SAIPAN,CNMI,PB212,10,5.4,,PCI/M3,2011-03-22,R,10.643,H,Lead-212
AIR-CHARCOAL,B102764,107.88718551552,M3,118,60,4115,SAIPAN,CNMI,I131,.583,.053,,PCI/M3,2011-03-22,R,8.0233,D,Iodine-131
AIR-CHARCOAL,B102639,80.13667585536,M3,118,60,4115,SAIPAN,CNMI,CS137,,,.16,PCI/M3,2011-03-21,R,30.17,Y,Cesium-137
AIR-CHARCOAL,B103893,116.94857642496,M3,118,60,4116,KAHUKU,HI,CO60,,,.1,PCI/M3,2011-04-08,R,5.271,Y,Cobalt-60
AIR-CHARCOAL,B103874,115.504417248768,M3,118,60,4116,KAHUKU,HI,CS137,,,.11,PCI/M3,2011-04-07,R,30.17,Y,Cesium-137
AIR-CHARCOAL,B103874,115.504417248768,M3,118,60,4116,KAHUKU,HI,BA140,,,.31,PCI/M3,2011-04-07,R,12.789,D,Barium-140
AIR-CHARCOAL,B103746,116.38223949312,M3,118,60,4116,KAHUKU,HI,I131,,,.08,PCI/M3,2011-04-05,R,8.0233,D,Iodine-131
AIR-CHARCOAL,B103427,115.53273409536,M3,118,60,4116,KAHUKU,HI,K40,1.66,.37,,PCI/M3,2011-04-01,R,1277000000,Y,Potassium-40
AIR-CHARCOAL,B103427,115.53273409536,M3,118,60,4116,KAHUKU,HI,CO60,,,.14,PCI/M3,2011-04-01,R,5.271,Y,Cobalt-60
AIR-CHARCOAL,B103266,118.36441875456,M3,118,60,4116,KAHUKU,HI,K40,1.91,.38,,PCI/M3,2011-03-30,R,1277000000,Y,Potassium-40
AIR-CHARCOAL,B103266,118.36441875456,M3,118,60,4116,KAHUKU,HI,CO60,,,.011,PCI/M3,2011-03-30,R,5.271,Y,Cobalt-60
AIR-CHARCOAL,B103189,117.79808182272,M3,118,60,4116,KAHUKU,HI,CO60,,,.16,PCI/M3,2011-03-29,R,5.271,Y,Cobalt-60
AIR-CHARCOAL,B103670,120.62976648192,M3,118,60,4116,KAHUKU,HI,CS137,,,.096,PCI/M3,2011-04-02,R,30.17,Y,Cesium-137
AIR-CHARCOAL,B103670,120.62976648192,M3,118,60,4116,KAHUKU,HI,BA140,,,.32,PCI/M3,2011-04-02,R,12.789,D,Barium-140
AIR-CHARCOAL,B102754,117.79808182272,M3,118,60,4116,KAHUKU,HI,BA140,,,.29,PCI/M3,2011-03-23,R,12.789,D,Barium-140
AIR-CHARCOAL,B102645,117.79808182272,M3,118,60,4116,KAHUKU,HI,K40,2.2,.39,,PCI/M3,2011-03-23,R,1277000000,Y,Potassium-40
AIR-CHARCOAL,B102645,117.79808182272,M3,118,60,4116,KAHUKU,HI,CS137,,,.1,PCI/M3,2011-03-22,R,30.17,Y,Cesium-137
AIR-CHARCOAL,B103906,115.985803640832,M3,118,60,4117,KAUAI,HI,K40,.92,.4,,PCI/M3,2011-04-06,R,1277000000,Y,Potassium-40
AIR-CHARCOAL,B103901,116.268972106752,M3,118,60,4117,KAUAI,HI,I131,,,.15,PCI/M3,2011-04-07,R,8.0233,D,Iodine-131
AIR-CHARCOAL,B103831,116.38223949312,M3,118,60,4117,KAUAI,HI,CS137,,,.073,PCI/M3,2011-04-04,R,30.17,Y,Cesium-137
AIR-CHARCOAL,B103831,116.38223949312,M3,118,60,4117,KAUAI,HI,CO60,,,.11,PCI/M3,2011-04-04,R,5.271,Y,Cobalt-60
AIR-CHARCOAL,B103591,115.81590256128,M3,118,92.6333333333333,4117,KAUAI,HI,I131,.037,.021,,PCI/M3,2011-04-01,R,8.0233,D,Iodine-131
AIR-CHARCOAL,B103591,115.81590256128,M3,118,92.6333333333333,4117,KAUAI,HI,CO60,,,.074,PCI/M3,2011-04-01,R,5.271,Y,Cobalt-60
AIR-CHARCOAL,B103430,112.98421790208,M3,118,60,4117,KAUAI,HI,CS137,,,.076,PCI/M3,2011-03-30,R,30.17,Y,Cesium-137
AIR-CHARCOAL,B103149,116.94857642496,M3,118,60,4117,KAUAI,HI,CS137,,,.08,PCI/M3,2011-03-25,R,30.17,Y,Cesium-137
AIR-CHARCOAL,B103147,122.32877727744,M3,118,60,4117,KAUAI,HI,CS137,,,.096,PCI/M3,2011-03-26,R,30.17,Y,Cesium-137
AIR-CHARCOAL,B103145,111.936494578176,M3,118,60,4117,KAUAI,HI,BA140,,,.4,PCI/M3,2011-03-27,R,12.789,D,Barium-140
AIR-CHARCOAL,B102830,112.98421790208,M3,118,60,4117,KAUAI,HI,CS137,,,.065,PCI/M3,2011-03-23,R,30.17,Y,Cesium-137
AIR-CHARCOAL,B102830,112.98421790208,M3,118,60,4117,KAUAI,HI,BA140,,,.3,PCI/M3,2011-03-23,R,12.789,D,Barium-140
AIR-CHARCOAL,B102822,116.38223949312,M3,118,60,4117,KAUAI,HI,I131,.161,.03,,PCI/M3,2011-03-24,R,8.0233,D,Iodine-131
AIR-CHARCOAL,B102822,116.38223949312,M3,118,60,4117,KAUAI,HI,CO60,,,.061,PCI/M3,2011-03-24,R,5.271,Y,Cobalt-60
AIR-CHARCOAL,B102767,204.44763239424,M3,118,60,4117,KAUAI,HI,CS137,,,.041,PCI/M3,2011-03-21,R,30.17,Y,Cesium-137
AIR-CHARCOAL,B102767,204.44763239424,M3,118,60,4117,KAUAI,HI,BA140,,,.16,PCI/M3,2011-03-21,R,12.789,D,Barium-140
AIR-CHARCOAL,B102752,96.84361534464,M3,118,60,4117,KAUAI,HI,BA140,,,.3,PCI/M3,2011-03-22,R,12.789,D,Barium-140
AIR-CHARCOAL,B103422,88.91489829888,M3,118,60,3043,DUTCH HARBOR,AK,K40,2.47,.36,,PCI/M3,2011-03-31,R,1277000000,Y,Potassium-40
AIR-CHARCOAL,B103495,85.23370824192,M3,118,60,3043,DUTCH HARBOR,AK,CS137,,,.14,PCI/M3,2011-04-01,R,30.17,Y,Cesium-137
AIR-CHARCOAL,B103183,86.64955057152,M3,118,60,3043,DUTCH HARBOR,AK,I131,.106,.036,,PCI/M3,2011-03-29,R,8.0233,D,Iodine-131
AIR-CHARCOAL,B103151,86.93271903744,M3,118,60,3043,DUTCH HARBOR,AK,CO60,,,.078,PCI/M3,2011-03-25,R,5.271,Y,Cobalt-60
AIR-CHARCOAL,B103679,89.76440369664,M3,118,60,3043,DUTCH HARBOR,AK,K40,1.93,.41,,PCI/M3,2011-04-02,R,1277000000,Y,Potassium-40
AIR-CHARCOAL,B102729,86.08321363968,M3,118,60,3043,DUTCH HARBOR,AK,CS137,,,.096,PCI/M3,2011-03-23,R,30.17,Y,Cesium-137
AIR-CHARCOAL,B102653,88.34856136704,M3,118,60,3043,DUTCH HARBOR,AK,BA140,,,.52,PCI/M3,2011-03-22,R,12.789,D,Barium-140
AIR-CHARCOAL,B103571,112.70104943616,M3,118,60,1,MONTGOMERY,AL,I131,,,.084,PCI/M3,2011-04-05,R,8.0233,D,Iodine-131
AIR-CHARCOAL,B103571,112.70104943616,M3,118,60,1,MONTGOMERY,AL,BA140,,,.28,PCI/M3,2011-04-05,R,12.789,D,Barium-140
AIR-CHARCOAL,B103244,368.119005696,M3,118,60,1,MONTGOMERY,AL,CS137,,,.021,PCI/M3,2011-03-31,R,30.17,Y,Cesium-137
AIR-CHARCOAL,B103328,136.77036903936,M3,118,60,43,LAS VEGAS,NV,CS137,,,.06,PCI/M3,2011-03-31,R,30.17,Y,Cesium-137
AIR-CHARCOAL,B103328,136.77036903936,M3,118,60,43,LAS VEGAS,NV,BA140,,,.21,PCI/M3,2011-03-31,R,12.789,D,Barium-140
AIR-CHARCOAL,B103197,143.0000752896,M3,118,60,43,LAS VEGAS,NV,K40,1.28,.25,,PCI/M3,2011-03-30,R,1277000000,Y,Potassium-40
AIR-CHARCOAL,B103043,130.54066278912,M3,118,60,43,LAS VEGAS,NV,I131,.044,.021,,PCI/M3,2011-03-29,R,8.0233,D,Iodine-131
AIR-CHARCOAL,B102948,421.9210142208,M3,118,60,43,LAS VEGAS,NV,I131,.303,.023,,PCI/M3,2011-03-28,R,8.0233,D,Iodine-131
AIR-CHARCOAL,B102772,124.5941250048,M3,118,60,43,LAS VEGAS,NV,CO60,,,.071,PCI/M3,2011-03-24,R,5.271,Y,Cobalt-60
AIR-CHARCOAL,B103704,450.2378608128,M3,118,60,43,LAS VEGAS,NV,CS137,,,.029,PCI/M3,2011-04-04,R,30.17,Y,Cesium-137
AIR-CHARCOAL,B102674,131.6733366528,M3,118,60,43,LAS VEGAS,NV,CS137,,,.058,PCI/M3,2011-03-22,R,30.17,Y,Cesium-137
AIR-CHARCOAL,B102669,373.7823750144,M3,118,60,43,LAS VEGAS,NV,BA140,,,.11,PCI/M3,2011-03-21,R,12.789,D,Barium-140
AIR-CHARCOAL,B102668,127.70897812992,M3,118,60,43,LAS VEGAS,NV,I131,.182,.03,,PCI/M3,2011-03-18,R,8.0233,D,Iodine-131
AIR-CHARCOAL,B103768,110.7386919673344,M3,118,60,186,BOISE,ID,CO60,,,.11,PCI/M3,2011-04-05,R,5.271,Y,Cobalt-60
AIR-CHARCOAL,B103768,110.7386919673344,M3,118,60,186,BOISE,ID,CS137,,,.1,PCI/M3,2011-04-05,R,30.17,Y,Cesium-137
AIR-CHARCOAL,B103325,110.71887017472,M3,118,60,186,BOISE,ID,CS137,,,.11,PCI/M3,2011-03-30,R,30.17,Y,Cesium-137
AIR-CHARCOAL,B103193,110.15253324288,M3,118,60,186,BOISE,ID,CO60,,,.096,PCI/M3,2011-03-29,R,5.271,Y,Cobalt-60
AIR-CHARCOAL,B103044,113.267386368,M3,118,60,186,BOISE,ID,I131,.319,.039,,PCI/M3,2011-03-28,R,8.0233,D,Iodine-131
AIR-CHARCOAL,B102904,112.41788097024,M3,118,60,186,BOISE,ID,CO60,,,.072,PCI/M3,2011-03-24,R,5.271,Y,Cobalt-60
AIR-CHARCOAL,B102994,122.61194574336,M3,118,60,186,BOISE,ID,BA140,,,.26,PCI/M3,2011-03-27,R,12.789,D,Barium-140
AIR-CHARCOAL,B103698,114.40006023168,M3,118,60,186,BOISE,ID,BA140,,,.32,PCI/M3,2011-04-04,R,12.789,D,Barium-140
AIR-CHARCOAL,B102506,53.51884005888,M3,118,800,186,BOISE,ID,K40,3.85,.28,,PCI/M3,2011-03-21,R,1277000000,Y,Potassium-40
AIR-CHARCOAL,B102555,139.31888523264,M3,118,60,4059,SAN BERNARDINO,CA,K40,1.46,.25,,PCI/M3,2011-03-21,R,1277000000,Y,Potassium-40
AIR-CHARCOAL,B103759,145.26542301696,M3,118,60,2727,JUNEAU,AK,BA140,,,.27,PCI/M3,2011-04-06,R,12.789,D,Barium-140
AIR-CHARCOAL,B103185,134.731556084736,M3,118,60,2727,JUNEAU,AK,K40,.76,.43,,PCI/M3,2011-03-30,R,1277000000,Y,Potassium-40
AIR-CHARCOAL,B103185,134.731556084736,M3,118,60,2727,JUNEAU,AK,I131,.137,.03,,PCI/M3,2011-03-30,R,8.0233,D,Iodine-131
AIR-CHARCOAL,B103141,47.57230227456,M3,118,65.1666666666667,2727,JUNEAU,AK,CO60,,,.17,PCI/M3,2011-03-27,R,5.271,Y,Cobalt-60
AIR-CHARCOAL,B102964,145.54859148288,M3,118,60,2727,JUNEAU,AK,K40,1.25,.23,,PCI/M3,2011-03-27,R,1277000000,Y,Potassium-40
AIR-CHARCOAL,B102959,143.0000752896,M3,118,60,2727,JUNEAU,AK,CO60,,,.14,PCI/M3,2011-03-26,R,5.271,Y,Cobalt-60
AIR-CHARCOAL,B102656,142.15056989184,M3,118,60,2727,JUNEAU,AK,RA228,,,.35,PCI/M3,2011-03-23,R,5.75,Y,Radium-228
AIR-CHARCOAL,B102656,142.15056989184,M3,118,60,2727,JUNEAU,AK,I131,.252,.03,,PCI/M3,2011-03-23,R,8.0233,D,Iodine-131
AIR-CHARCOAL,B102656,142.15056989184,M3,118,60,2727,JUNEAU,AK,CS137,,,.069,PCI/M3,2011-03-23,R,30.17,Y,Cesium-137
AIR-CHARCOAL,B102551,142.15056989184,M3,118,60,2727,JUNEAU,AK,K40,.96,.23,,PCI/M3,2011-03-22,R,1277000000,Y,Potassium-40
AIR-CHARCOAL,B102461,141.30106449408,M3,118,60,2727,JUNEAU,AK,K40,1.02,.23,,PCI/M3,2011-03-21,R,1277000000,Y,Potassium-40
AIR-CHARCOAL,B102500,203.8812954624,M3,118,800,4066,ANAHEIM,CA,K40,.124,.042,,PCI/M3,2011-03-20,R,1277000000,Y,Potassium-40
AIR-CHARCOAL,B103609,152.06146619904,M3,118,60,4112,NOME,AK,CO60,,,.094,PCI/M3,2011-04-03,R,5.271,Y,Cobalt-60
AIR-CHARCOAL,B103559,142.15056989184,M3,118,60,4112,NOME,AK,BA140,,,.24,PCI/M3,2011-04-02,R,12.789,D,Barium-140
AIR-CHARCOAL,B103549,139.31888523264,M3,118,60,4112,NOME,AK,K40,.19,.15,,PCI/M3,2011-04-01,R,1277000000,Y,Potassium-40
AIR-CHARCOAL,B103549,139.31888523264,M3,118,60,4112,NOME,AK,CS137,,,.064,PCI/M3,2011-04-01,R,30.17,Y,Cesium-137
AIR-CHARCOAL,B103295,145.54859148288,M3,118,60,4112,NOME,AK,I131,.231,.034,,PCI/M3,2011-03-28,R,8.0233,D,Iodine-131
AIR-CHARCOAL,B103279,133.93868438016,M3,118,60,4112,NOME,AK,BA140,,,.26,PCI/M3,2011-03-26,R,12.789,D,Barium-140
AIR-CHARCOAL,B103290,138.18621136896,M3,118,60,4112,NOME,AK,CS137,,,.077,PCI/M3,2011-03-27,R,30.17,Y,Cesium-137
AIR-CHARCOAL,B102945,140.45155909632,M3,118,60,4112,NOME,AK,I131,.26,.036,,PCI/M3,2011-03-25,R,8.0233,D,Iodine-131
AIR-CHARCOAL,B102744,130.82383125504,M3,118,60,4112,NOME,AK,BA140,,,.27,PCI/M3,2011-03-24,R,12.789,D,Barium-140
AIR-CHARCOAL,B102659,132.80601051648,M3,118,60,4112,NOME,AK,I131,.777,.057,,PCI/M3,2011-03-23,R,8.0233,D,Iodine-131
AIR-CHARCOAL,B102467,291.6635198976,M3,118,60,4112,NOME,AK,I131,.108,.013,,PCI/M3,2011-03-20,R,8.0233,D,Iodine-131
AIR-CHARCOAL,B102546,132.80601051648,M3,118,60,4112,NOME,AK,BA140,,,.17,PCI/M3,2011-03-21,R,12.789,D,Barium-140
AIR-CHARCOAL,B103802,113.267386368,M3,118,60,4113,GUAM,GU,CO60,,,.11,PCI/M3,2011-04-06,R,5.271,Y,Cobalt-60
AIR-CHARCOAL,B103755,109.58619631104,M3,118,60,4113,GUAM,GU,BA140,,,.37,PCI/M3,2011-04-05,R,12.789,D,Barium-140
AIR-CHARCOAL,B103635,112.41788097024,M3,118,60,4113,GUAM,GU,I131,,,.062,PCI/M3,2011-04-03,R,8.0233,D,Iodine-131
AIR-CHARCOAL,B103630,107.6040170496,M3,118,60,4113,GUAM,GU,CS137,,,.12,PCI/M3,2011-04-02,R,30.17,Y,Cesium-137
AIR-CHARCOAL,B103630,107.6040170496,M3,118,60,4113,GUAM,GU,CO60,,,.018,PCI/M3,2011-04-02,R,5.271,Y,Cobalt-60
AIR-CHARCOAL,B102485,105.33866932224,M3,118,60,4113,GUAM,GU,RA228,,,.58,PCI/M3,2011-03-20,R,5.75,Y,Radium-228
AIR-CHARCOAL,B102485,105.33866932224,M3,118,60,4113,GUAM,GU,BA140,,,.21,PCI/M3,2011-03-20,R,12.789,D,Barium-140
AIR-CHARCOAL,B103762,114.6832286976,M3,118,60,4115,SAIPAN,CNMI,BA140,,,.22,PCI/M3,2011-04-04,R,12.789,D,Barium-140
AIR-CHARCOAL,B103762,114.6832286976,M3,118,60,4115,SAIPAN,CNMI,I131,,,.073,PCI/M3,2011-04-04,R,8.0233,D,Iodine-131
AIR-CHARCOAL,B103654,112.70104943616,M3,118,60,4115,SAIPAN,CNMI,I131,,,.091,PCI/M3,2011-04-02,R,8.0233,D,Iodine-131
AIR-CHARCOAL,B103384,113.267386368,M3,118,60,4115,SAIPAN,CNMI,BA140,,,.38,PCI/M3,2011-03-30,R,12.789,D,Barium-140
AIR-CHARCOAL,B103310,110.71887017472,M3,118,60,4115,SAIPAN,CNMI,I131,,,.13,PCI/M3,2011-03-29,R,8.0233,D,Iodine-131
AIR-CHARCOAL,B103135,111.56837557248,M3,118,60,4115,SAIPAN,CNMI,I131,,,.1,PCI/M3,2011-03-26,R,8.0233,D,Iodine-131
AIR-CHARCOAL,B103133,111.8515440384,M3,118,60,4115,SAIPAN,CNMI,CO60,,,.047,PCI/M3,2011-03-25,R,5.271,Y,Cobalt-60
AIR-CHARCOAL,B103187,111.28520710656,M3,118,60,4115,SAIPAN,CNMI,CO60,,,.013,PCI/M3,2011-03-28,R,5.271,Y,Cobalt-60
AIR-CHARCOAL,B103187,111.28520710656,M3,118,60,4115,SAIPAN,CNMI,CS137,,,.12,PCI/M3,2011-03-28,R,30.17,Y,Cesium-137
AIR-CHARCOAL,B103187,111.28520710656,M3,118,60,4115,SAIPAN,CNMI,BA140,,,.34,PCI/M3,2011-03-28,R,12.789,D,Barium-140
AIR-CHARCOAL,B102836,105.62183778816,M3,118,60,4115,SAIPAN,CNMI,BA140,,,.3,PCI/M3,2011-03-24,R,12.789,D,Barium-140
AIR-CHARCOAL,B102843,108.45352244736,M3,118,60,4115,SAIPAN,CNMI,CS137,,,.077,PCI/M3,2011-03-23,R,30.17,Y,Cesium-137
AIR-CHARCOAL,B103690,113.83372329984,M3,118,60,4115,SAIPAN,CNMI,BA140,,,.36,PCI/M3,2011-04-01,R,12.789,D,Barium-140
AIR-CHARCOAL,B102764,107.88718551552,M3,118,60,4115,SAIPAN,CNMI,BA140,,,.3,PCI/M3,2011-03-22,R,12.789,D,Barium-140
AIR-CHARCOAL,B103874,115.504417248768,M3,118,60,4116,KAHUKU,HI,K40,2.18,.44,,PCI/M3,2011-04-07,R,1277000000,Y,Potassium-40
AIR-CHARCOAL,B103394,117.79808182272,M3,118,60,4116,KAHUKU,HI,CO60,,,.13,PCI/M3,2011-03-31,R,5.271,Y,Cobalt-60
AIR-CHARCOAL,B103266,118.36441875456,M3,118,60,4116,KAHUKU,HI,BA140,,,.28,PCI/M3,2011-03-30,R,12.789,D,Barium-140
AIR-CHARCOAL,B103676,119.78026108416,M3,118,60,4116,KAHUKU,HI,I131,,,.052,PCI/M3,2011-04-04,R,8.0233,D,Iodine-131
AIR-CHARCOAL,B102666,121.19610341376,M3,118,60,4116,KAHUKU,HI,CS137,,,.08,PCI/M3,2011-03-21,R,30.17,Y,Cesium-137
AIR-CHARCOAL,B102648,178.11296506368,M3,118,60,4116,KAHUKU,HI,K40,.82,.2,,PCI/M3,2011-03-20,R,1277000000,Y,Potassium-40
AIR-CHARCOAL,B103906,115.985803640832,M3,118,60,4117,KAUAI,HI,I131,,,.086,PCI/M3,2011-04-06,R,8.0233,D,Iodine-131
AIR-CHARCOAL,B103901,116.268972106752,M3,118,60,4117,KAUAI,HI,CO60,,,.17,PCI/M3,2011-04-07,R,5.271,Y,Cobalt-60
AIR-CHARCOAL,B103831,116.38223949312,M3,118,60,4117,KAUAI,HI,I131,,,.096,PCI/M3,2011-04-04,R,8.0233,D,Iodine-131
AIR-CHARCOAL,B103834,118.08125028864,M3,118,60,4117,KAUAI,HI,I131,,,.11,PCI/M3,2011-04-05,R,8.0233,D,Iodine-131
AIR-CHARCOAL,B103662,115.53273409536,M3,118,60,4117,KAUAI,HI,I131,,,.088,PCI/M3,2011-04-02,R,8.0233,D,Iodine-131
AIR-CHARCOAL,B103591,115.81590256128,M3,118,92.6333333333333,4117,KAUAI,HI,CS137,,,.05,PCI/M3,2011-04-01,R,30.17,Y,Cesium-137
AIR-CHARCOAL,B103379,115.81590256128,M3,118,60,4117,KAUAI,HI,I131,.086,.028,,PCI/M3,2011-03-31,R,8.0233,D,Iodine-131
AIR-CHARCOAL,B103379,115.81590256128,M3,118,60,4117,KAUAI,HI,CS137,,,.075,PCI/M3,2011-03-31,R,30.17,Y,Cesium-137
AIR-CHARCOAL,B103320,110.71887017472,M3,118,60,4117,KAUAI,HI,CS137,,,.093,PCI/M3,2011-03-29,R,30.17,Y,Cesium-137
AIR-CHARCOAL,B103145,111.936494578176,M3,118,60,4117,KAUAI,HI,I131,.353,.052,,PCI/M3,2011-03-27,R,8.0233,D,Iodine-131
AIR-CHARCOAL,B102830,112.98421790208,M3,118,60,4117,KAUAI,HI,CO60,,,.047,PCI/M3,2011-03-23,R,5.271,Y,Cobalt-60
AIR-CHARCOAL,B102822,116.38223949312,M3,118,60,4117,KAUAI,HI,CS137,,,.066,PCI/M3,2011-03-24,R,30.17,Y,Cesium-137
AIR-CHARCOAL,B103422,88.91489829888,M3,118,60,3043,DUTCH HARBOR,AK,CS137,,,.099,PCI/M3,2011-03-31,R,30.17,Y,Cesium-137
AIR-CHARCOAL,B103495,85.23370824192,M3,118,60,3043,DUTCH HARBOR,AK,BA140,,,.48,PCI/M3,2011-04-01,R,12.789,D,Barium-140
AIR-CHARCOAL,B103158,87.49905596928,M3,118,60,3043,DUTCH HARBOR,AK,BA140,,,.37,PCI/M3,2011-03-28,R,12.789,D,Barium-140
AIR-CHARCOAL,B103156,86.3663821056,M3,118,60,3043,DUTCH HARBOR,AK,K40,1.73,.39,,PCI/M3,2011-03-27,R,1277000000,Y,Potassium-40
AIR-CHARCOAL,B102877,86.93271903744,M3,118,60,3043,DUTCH HARBOR,AK,CO60,,,.15,PCI/M3,2011-03-24,R,5.271,Y,Cobalt-60
AIR-CHARCOAL,B102729,86.08321363968,M3,118,60,3043,DUTCH HARBOR,AK,CO60,,,.25,PCI/M3,2011-03-23,R,5.271,Y,Cobalt-60
AIR-CHARCOAL,B102473,126.29313580032,M3,118,60,3043,DUTCH HARBOR,AK,CS137,,,.064,PCI/M3,2011-03-19,R,30.17,Y,Cesium-137
AIR-CHARCOAL,B103918,359.6239517184,M3,118,60,1,MONTGOMERY,AL,I131,.0086,.0038,,PCI/M3,2011-04-11,R,8.0233,D,Iodine-131
AIR-CHARCOAL,B103842,206.99614858752,M3,118,60,1,MONTGOMERY,AL,I131,.06,.018,,PCI/M3,2011-04-08,R,8.0233,D,Iodine-131
AIR-CHARCOAL,B102934,455.9012301312,M3,118,60,1,MONTGOMERY,AL,I131,.12,.011,,PCI/M3,2011-03-28,R,8.0233,D,Iodine-131
AIR-CHARCOAL,B102934,455.9012301312,M3,118,60,1,MONTGOMERY,AL,CO60,,,.04,PCI/M3,2011-03-28,R,5.271,Y,Cobalt-60
AIR-CHARCOAL,B103706,117.23174489088,M3,118,60,1,MONTGOMERY,AL,K40,1.45,.36,,PCI/M3,2011-04-06,R,1277000000,Y,Potassium-40
AIR-CHARCOAL,B103436,137.90304290304,M3,118,60,43,LAS VEGAS,NV,K40,1.34,.25,,PCI/M3,2011-04-01,R,1277000000,Y,Potassium-40
AIR-CHARCOAL,B103328,136.77036903936,M3,118,60,43,LAS VEGAS,NV,K40,1.11,.24,,PCI/M3,2011-03-31,R,1277000000,Y,Potassium-40
AIR-CHARCOAL,B102915,135.35452670976,M3,118,60,43,LAS VEGAS,NV,CS137,,,.075,PCI/M3,2011-03-25,R,30.17,Y,Cesium-137
AIR-CHARCOAL,B102948,421.9210142208,M3,118,60,43,LAS VEGAS,NV,CO60,,,.029,PCI/M3,2011-03-28,R,5.271,Y,Cobalt-60
AIR-CHARCOAL,B103704,450.2378608128,M3,118,60,43,LAS VEGAS,NV,I131,.0249,.0073,,PCI/M3,2011-04-04,R,8.0233,D,Iodine-131
AIR-CHARCOAL,B102669,373.7823750144,M3,118,60,43,LAS VEGAS,NV,CS137,,,.025,PCI/M3,2011-03-21,R,30.17,Y,Cesium-137
AIR-CHARCOAL,B103877,108.73669091328,M3,118,60,186,BOISE,ID,CS137,,,.078,PCI/M3,2011-04-07,R,30.17,Y,Cesium-137
AIR-CHARCOAL,B103768,110.7386919673344,M3,118,60,186,BOISE,ID,I131,,,.084,PCI/M3,2011-04-05,R,8.0233,D,Iodine-131
AIR-CHARCOAL,B103532,113.536396410624,M3,118,60,186,BOISE,ID,BA140,,,.24,PCI/M3,2011-04-03,R,12.789,D,Barium-140
AIR-CHARCOAL,B103522,108.87827514624,M3,118,60,186,BOISE,ID,CO60,,,.13,PCI/M3,2011-04-02,R,5.271,Y,Cobalt-60
AIR-CHARCOAL,B103522,108.87827514624,M3,118,60,186,BOISE,ID,I131,,,.087,PCI/M3,2011-04-02,R,8.0233,D,Iodine-131
AIR-CHARCOAL,B103347,108.97398608772096,M3,118,60,186,BOISE,ID,K40,1.32,.34,,PCI/M3,2011-04-01,R,1277000000,Y,Potassium-40
AIR-CHARCOAL,B103433,109.1218000269312,M3,118,60,186,BOISE,ID,CS137,,,.073,PCI/M3,2011-04-01,R,30.17,Y,Cesium-137
AIR-CHARCOAL,B103325,110.71887017472,M3,118,60,186,BOISE,ID,CO60,,,.14,PCI/M3,2011-03-30,R,5.271,Y,Cobalt-60
AIR-CHARCOAL,B103044,113.267386368,M3,118,60,186,BOISE,ID,CO60,,,.1,PCI/M3,2011-03-28,R,5.271,Y,Cobalt-60
AIR-CHARCOAL,B103044,113.267386368,M3,118,60,186,BOISE,ID,BA140,,,.29,PCI/M3,2011-03-28,R,12.789,D,Barium-140
AIR-CHARCOAL,B102899,100.80797386752,M3,118,60,186,BOISE,ID,CS137,,,.078,PCI/M3,2011-03-25,R,30.17,Y,Cesium-137
AIR-CHARCOAL,B102893,111.56837557248,M3,118,60,186,BOISE,ID,CS137,,,.07,PCI/M3,2011-03-26,R,30.17,Y,Cesium-137
AIR-CHARCOAL,B102994,122.61194574336,M3,118,60,186,BOISE,ID,TL208,1.12,.84,,PCI/M3,2011-03-27,R,3.053,M,Thallium-208
AIR-CHARCOAL,B102662,46.7227968768,M3,118,60,186,BOISE,ID,I131,.491,.071,,PCI/M3,2011-03-22,R,8.0233,D,Iodine-131
AIR-CHARCOAL,B102662,46.7227968768,M3,118,60,186,BOISE,ID,CS137,,,.2,PCI/M3,2011-03-22,R,30.17,Y,Cesium-137
AIR-CHARCOAL,B102506,53.51884005888,M3,118,800,186,BOISE,ID,RA228,,,.24,PCI/M3,2011-03-21,R,5.75,Y,Radium-228
AIR-CHARCOAL,B102561,99.95846846976,M3,118,60,186,BOISE,ID,RA226,,,1.3,PCI/M3,2011-03-22,R,1600,Y,Radium-226
AIR-CHARCOAL,B102561,99.95846846976,M3,118,60,186,BOISE,ID,K40,2.33,.36,,PCI/M3,2011-03-22,R,1277000000,Y,Potassium-40
AIR-CHARCOAL,B102561,99.95846846976,M3,118,60,186,BOISE,ID,CS137,,,.095,PCI/M3,2011-03-22,R,30.17,Y,Cesium-137
AIR-CHARCOAL,B102930,119.49709261824,M3,118,60,4059,SAN BERNARDINO,CA,K40,1.05,.42,,PCI/M3,2011-03-23,R,1277000000,Y,Potassium-40
AIR-CHARCOAL,B102503,252.30310313472,M3,118,800,4059,SAN BERNARDINO,CA,CS137,,,.012,PCI/M3,2011-03-20,R,30.17,Y,Cesium-137
AIR-CHARCOAL,B103346,143.0000752896,M3,118,60,2727,JUNEAU,AK,CO60,,,.065,PCI/M3,2011-04-01,R,5.271,Y,Cobalt-60
AIR-CHARCOAL,B103143,90.33074062848,M3,118,60,2727,JUNEAU,AK,K40,1.92,.37,,PCI/M3,2011-03-29,R,1277000000,Y,Potassium-40
AIR-CHARCOAL,B103143,90.33074062848,M3,118,60,2727,JUNEAU,AK,CO60,,,.12,PCI/M3,2011-03-29,R,5.271,Y,Cobalt-60
AIR-CHARCOAL,B102886,142.71690682368,M3,118,60,2727,JUNEAU,AK,K40,1.06,.22,,PCI/M3,2011-03-25,R,1277000000,Y,Potassium-40
AIR-CHARCOAL,B102964,145.54859148288,M3,118,60,2727,JUNEAU,AK,I131,.385,.04,,PCI/M3,2011-03-27,R,8.0233,D,Iodine-131
AIR-CHARCOAL,B102959,143.0000752896,M3,118,60,2727,JUNEAU,AK,BA140,,,.32,PCI/M3,2011-03-26,R,12.789,D,Barium-140
AIR-CHARCOAL,B103684,137.138488045056,M3,118,60,2727,JUNEAU,AK,CO60,,,.12,PCI/M3,2011-04-05,R,5.271,Y,Cobalt-60
AIR-CHARCOAL,B102758,145.54859148288,M3,118,60,2727,JUNEAU,AK,CS137,,,.08,PCI/M3,2011-03-24,R,30.17,Y,Cesium-137
AIR-CHARCOAL,B102758,145.54859148288,M3,118,60,2727,JUNEAU,AK,BA140,,,.23,PCI/M3,2011-03-24,R,12.789,D,Barium-140
AIR-CHARCOAL,B102461,141.30106449408,M3,118,60,2727,JUNEAU,AK,CS137,,,.052,PCI/M3,2011-03-21,R,30.17,Y,Cesium-137
AIR-CHARCOAL,B102461,141.30106449408,M3,118,60,2727,JUNEAU,AK,BA140,,,.19,PCI/M3,2011-03-21,R,12.789,D,Barium-140
AIR-CHARCOAL,B102541,135.63769517568,M3,118,60,4066,ANAHEIM,CA,CS137,,,.054,PCI/M3,2011-03-22,R,30.17,Y,Cesium-137
AIR-CHARCOAL,B102500,203.8812954624,M3,118,800,4066,ANAHEIM,CA,TL208,.66,.42,,PCI/M3,2011-03-20,R,3.053,M,Thallium-208
AIR-CHARCOAL,B102558,132.23967358464,M3,118,60,4066,ANAHEIM,CA,BA140,,,.18,PCI/M3,2011-03-21,R,12.789,D,Barium-140
AIR-CHARCOAL,B103765,120.06342955008,M3,118,60,4112,NOME,AK,CS137,,,.079,PCI/M3,2011-04-06,R,30.17,Y,Cesium-137
AIR-CHARCOAL,B103765,120.06342955008,M3,118,60,4112,NOME,AK,BA140,,,.24,PCI/M3,2011-04-06,R,12.789,D,Barium-140
AIR-CHARCOAL,B103549,139.31888523264,M3,118,60,4112,NOME,AK,BA140,,,.24,PCI/M3,2011-04-01,R,12.789,D,Barium-140
AIR-CHARCOAL,B103541,139.31888523264,M3,118,60,4112,NOME,AK,PB212,126,51,,PCI/M3,2011-03-31,R,10.643,H,Lead-212
AIR-CHARCOAL,B103295,145.54859148288,M3,118,60,4112,NOME,AK,BA140,,,.28,PCI/M3,2011-03-28,R,12.789,D,Barium-140
AIR-CHARCOAL,B103279,133.93868438016,M3,118,60,4112,NOME,AK,CS137,,,.083,PCI/M3,2011-03-26,R,30.17,Y,Cesium-137
AIR-CHARCOAL,B102744,130.82383125504,M3,118,60,4112,NOME,AK,I131,1.46,.1,,PCI/M3,2011-03-24,R,8.0233,D,Iodine-131
AIR-CHARCOAL,B102467,291.6635198976,M3,118,60,4112,NOME,AK,RA228,,,.19,PCI/M3,2011-03-20,R,5.75,Y,Radium-228
AIR-CHARCOAL,B102467,291.6635198976,M3,118,60,4112,NOME,AK,BA140,,,.1,PCI/M3,2011-03-20,R,12.789,D,Barium-140
AIR-CHARCOAL,B103802,113.267386368,M3,118,60,4113,GUAM,GU,K40,1.62,.35,,PCI/M3,2011-04-06,R,1277000000,Y,Potassium-40
AIR-CHARCOAL,B103802,113.267386368,M3,118,60,4113,GUAM,GU,CS137,,,.09,PCI/M3,2011-04-06,R,30.17,Y,Cesium-137
AIR-CHARCOAL,B103802,113.267386368,M3,118,60,4113,GUAM,GU,BA140,,,.23,PCI/M3,2011-04-06,R,12.789,D,Barium-140
AIR-CHARCOAL,B103303,111.56837557248,M3,118,60,4113,GUAM,GU,I131,,,.09,PCI/M3,2011-03-30,R,8.0233,D,Iodine-131
AIR-CHARCOAL,B102950,104.3249262142464,M3,118,60,4113,GUAM,GU,CS137,,,.16,PCI/M3,2011-03-25,R,30.17,Y,Cesium-137
AIR-CHARCOAL,B102852,109.30302784512,M3,118,60,4113,GUAM,GU,CS137,,,.064,PCI/M3,2011-03-24,R,30.17,Y,Cesium-137
AIR-CHARCOAL,B102482,93.16242528768,M3,118,60,4113,GUAM,GU,TL208,6.1,2.2,,PCI/M3,2011-03-20,R,3.053,M,Thallium-208
AIR-CHARCOAL,B102544,103.1101334954496,M3,118,60,4113,GUAM,GU,CS137,,,.09,PCI/M3,2011-03-21,R,30.17,Y,Cesium-137
AIR-CHARCOAL,B103762,114.6832286976,M3,118,60,4115,SAIPAN,CNMI,CS137,,,.073,PCI/M3,2011-04-04,R,30.17,Y,Cesium-137
AIR-CHARCOAL,B103654,112.70104943616,M3,118,60,4115,SAIPAN,CNMI,CS137,,,.081,PCI/M3,2011-04-02,R,30.17,Y,Cesium-137
AIR-CHARCOAL,B103389,112.98421790208,M3,118,60,4115,SAIPAN,CNMI,BA140,,,.25,PCI/M3,2011-03-31,R,12.789,D,Barium-140
AIR-CHARCOAL,B103389,112.98421790208,M3,118,60,4115,SAIPAN,CNMI,K40,1.81,.32,,PCI/M3,2011-03-31,R,1277000000,Y,Potassium-40
AIR-CHARCOAL,B103384,113.267386368,M3,118,60,4115,SAIPAN,CNMI,CS137,,,.072,PCI/M3,2011-03-30,R,30.17,Y,Cesium-137
AIR-CHARCOAL,B102843,108.45352244736,M3,118,60,4115,SAIPAN,CNMI,I131,.072,.034,,PCI/M3,2011-03-23,R,8.0233,D,Iodine-131
AIR-CHARCOAL,B103690,113.83372329984,M3,118,60,4115,SAIPAN,CNMI,I131,,,.1,PCI/M3,2011-04-01,R,8.0233,D,Iodine-131
AIR-CHARCOAL,B102639,80.13667585536,M3,118,60,4115,SAIPAN,CNMI,K40,.67,.3,,PCI/M3,2011-03-21,R,1277000000,Y,Potassium-40
AIR-CHARCOAL,B103893,116.94857642496,M3,118,60,4116,KAHUKU,HI,BA140,,,.14,PCI/M3,2011-04-08,R,12.789,D,Barium-140
AIR-CHARCOAL,B103874,115.504417248768,M3,118,60,4116,KAHUKU,HI,CO60,,,.19,PCI/M3,2011-04-07,R,5.271,Y,Cobalt-60
AIR-CHARCOAL,B103874,115.504417248768,M3,118,60,4116,KAHUKU,HI,I131,,,.087,PCI/M3,2011-04-07,R,8.0233,D,Iodine-131
AIR-CHARCOAL,B103795,115.53273409536,M3,118,60,4116,KAHUKU,HI,I131,,,.1,PCI/M3,2011-04-06,R,8.0233,D,Iodine-131
AIR-CHARCOAL,B103795,115.53273409536,M3,118,60,4116,KAHUKU,HI,BA140,,,.28,PCI/M3,2011-04-06,R,12.789,D,Barium-140
AIR-CHARCOAL,B103746,116.38223949312,M3,118,60,4116,KAHUKU,HI,CS137,,,.07,PCI/M3,2011-04-05,R,30.17,Y,Cesium-137
AIR-CHARCOAL,B103394,117.79808182272,M3,118,60,4116,KAHUKU,HI,TL208,49,22,,PCI/M3,2011-03-31,R,3.053,M,Thallium-208
AIR-CHARCOAL,B103394,117.79808182272,M3,118,60,4116,KAHUKU,HI,CS137,,,.095,PCI/M3,2011-03-31,R,30.17,Y,Cesium-137
AIR-CHARCOAL,B103394,117.79808182272,M3,118,60,4116,KAHUKU,HI,BA140,,,.37,PCI/M3,2011-03-31,R,12.789,D,Barium-140
AIR-CHARCOAL,B103427,115.53273409536,M3,118,60,4116,KAHUKU,HI,CS137,,,.082,PCI/M3,2011-04-01,R,30.17,Y,Cesium-137
AIR-CHARCOAL,B103160,117.23174489088,M3,118,60,4116,KAHUKU,HI,BA140,,,.46,PCI/M3,2011-03-27,R,12.789,D,Barium-140
AIR-CHARCOAL,B103266,118.36441875456,M3,118,60,4116,KAHUKU,HI,CS137,,,.087,PCI/M3,2011-03-30,R,30.17,Y,Cesium-137
AIR-CHARCOAL,B103189,117.79808182272,M3,118,60,4116,KAHUKU,HI,I131,,,.087,PCI/M3,2011-03-29,R,8.0233,D,Iodine-131
AIR-CHARCOAL,B102868,120.06342955008,M3,118,60,4116,KAHUKU,HI,I131,.249,.035,,PCI/M3,2011-03-24,R,8.0233,D,Iodine-131
AIR-CHARCOAL,B103673,116.94857642496,M3,118,60,4116,KAHUKU,HI,CS137,,,.095,PCI/M3,2011-04-03,R,30.17,Y,Cesium-137
AIR-CHARCOAL,B102666,121.19610341376,M3,118,60,4116,KAHUKU,HI,K40,2.26,.37,,PCI/M3,2011-03-21,R,1277000000,Y,Potassium-40
AIR-CHARCOAL,B102648,178.11296506368,M3,118,60,4116,KAHUKU,HI,CS137,,,.058,PCI/M3,2011-03-20,R,30.17,Y,Cesium-137
AIR-CHARCOAL,B102648,178.11296506368,M3,118,60,4116,KAHUKU,HI,BA140,,,.18,PCI/M3,2011-03-20,R,12.789,D,Barium-140
AIR-CHARCOAL,B103901,116.268972106752,M3,118,60,4117,KAUAI,HI,K40,2.28,.48,,PCI/M3,2011-04-07,R,1277000000,Y,Potassium-40
AIR-CHARCOAL,B103834,118.08125028864,M3,118,60,4117,KAUAI,HI,BA140,,,.34,PCI/M3,2011-04-05,R,12.789,D,Barium-140
AIR-CHARCOAL,B103667,112.41788097024,M3,118,60,4117,KAUAI,HI,I131,,,.1,PCI/M3,2011-04-03,R,8.0233,D,Iodine-131
AIR-CHARCOAL,B103379,115.81590256128,M3,118,60,4117,KAUAI,HI,K40,1.5,.3,,PCI/M3,2011-03-31,R,1277000000,Y,Potassium-40
AIR-CHARCOAL,B103300,115.24956562944,M3,118,60,4117,KAUAI,HI,K40,2.24,.43,,PCI/M3,2011-03-28,R,1277000000,Y,Potassium-40
AIR-CHARCOAL,B103147,122.32877727744,M3,118,60,4117,KAUAI,HI,I131,.478,.055,,PCI/M3,2011-03-26,R,8.0233,D,Iodine-131
AIR-CHARCOAL,B103145,111.936494578176,M3,118,60,4117,KAUAI,HI,CO60,,,.15,PCI/M3,2011-03-27,R,5.271,Y,Cobalt-60
AIR-CHARCOAL,B102767,204.44763239424,M3,118,60,4117,KAUAI,HI,I131,1.07,.071,,PCI/M3,2011-03-21,R,8.0233,D,Iodine-131
AIR-CHARCOAL,B102767,204.44763239424,M3,118,60,4117,KAUAI,HI,CO60,,,.061,PCI/M3,2011-03-21,R,5.271,Y,Cobalt-60
AIR-CHARCOAL,B102752,96.84361534464,M3,118,60,4117,KAUAI,HI,I131,.184,.029,,PCI/M3,2011-03-22,R,8.0233,D,Iodine-131
AIR-CHARCOAL,B103422,88.91489829888,M3,118,60,3043,DUTCH HARBOR,AK,I131,.06,.023,,PCI/M3,2011-03-31,R,8.0233,D,Iodine-131
AIR-CHARCOAL,B103495,85.23370824192,M3,118,60,3043,DUTCH HARBOR,AK,K40,2.72,.54,,PCI/M3,2011-04-01,R,1277000000,Y,Potassium-40
AIR-CHARCOAL,B103183,86.64955057152,M3,118,60,3043,DUTCH HARBOR,AK,K40,2.54,.58,,PCI/M3,2011-03-29,R,1277000000,Y,Potassium-40
AIR-CHARCOAL,B103270,86.08321363968,M3,118,60,3043,DUTCH HARBOR,AK,CS137,,,.12,PCI/M3,2011-03-30,R,30.17,Y,Cesium-137
AIR-CHARCOAL,B103679,89.76440369664,M3,118,60,3043,DUTCH HARBOR,AK,BA140,,,.37,PCI/M3,2011-04-02,R,12.789,D,Barium-140
AIR-CHARCOAL,B102729,86.08321363968,M3,118,60,3043,DUTCH HARBOR,AK,BA140,,,.41,PCI/M3,2011-03-23,R,12.789,D,Barium-140
AIR-CHARCOAL,B102653,88.34856136704,M3,118,60,3043,DUTCH HARBOR,AK,I131,.78,.077,,PCI/M3,2011-03-22,R,8.0233,D,Iodine-131
AIR-CHARCOAL,B102531,84.38420284416,M3,118,60,3043,DUTCH HARBOR,AK,BA140,,,.23,PCI/M3,2011-03-21,R,12.789,D,Barium-140
AIR-CHARCOAL,B102529,32.28120511488,M3,118,60,3043,DUTCH HARBOR,AK,CS137,,,.26,PCI/M3,2011-03-19,R,30.17,Y,Cesium-137
AIR-CHARCOAL,B103571,112.70104943616,M3,118,60,1,MONTGOMERY,AL,CO60,,,.17,PCI/M3,2011-04-05,R,5.271,Y,Cobalt-60
AIR-CHARCOAL,B103453,484.2180767232,M3,118,60,1,MONTGOMERY,AL,K40,.374,.087,,PCI/M3,2011-04-04,R,1277000000,Y,Potassium-40
AIR-CHARCOAL,B103453,484.2180767232,M3,118,60,1,MONTGOMERY,AL,I131,.0689,.0092,,PCI/M3,2011-04-04,R,8.0233,D,Iodine-131
AIR-CHARCOAL,B103453,484.2180767232,M3,118,60,1,MONTGOMERY,AL,CS137,,,.019,PCI/M3,2011-04-04,R,30.17,Y,Cesium-137
AIR-CHARCOAL,B103244,368.119005696,M3,118,60,1,MONTGOMERY,AL,CO60,,,.024,PCI/M3,2011-03-31,R,5.271,Y,Cobalt-60
AIR-CHARCOAL,B102934,455.9012301312,M3,118,60,1,MONTGOMERY,AL,BA140,,,.067,PCI/M3,2011-03-28,R,12.789,D,Barium-140
AIR-CHARCOAL,B103845,281.18628665856,M3,118,60,43,LAS VEGAS,NV,CO60,,,.04,PCI/M3,2011-04-06,R,5.271,Y,Cobalt-60
AIR-CHARCOAL,B103197,143.0000752896,M3,118,60,43,LAS VEGAS,NV,I131,.088,.016,,PCI/M3,2011-03-30,R,8.0233,D,Iodine-131
AIR-CHARCOAL,B103704,450.2378608128,M3,118,60,43,LAS VEGAS,NV,K40,.227,.072,,PCI/M3,2011-04-04,R,1277000000,Y,Potassium-40
AIR-CHARCOAL,B102669,373.7823750144,M3,118,60,43,LAS VEGAS,NV,PB212,28,14,,PCI/M3,2011-03-21,R,10.643,H,Lead-212
AIR-CHARCOAL,B102668,127.70897812992,M3,118,60,43,LAS VEGAS,NV,BA140,,,.35,PCI/M3,2011-03-18,R,12.789,D,Barium-140
AIR-CHARCOAL,B103912,114.11689176576,M3,118,60,186,BOISE,ID,TL208,7.8,3.4,,PCI/M3,2011-04-08,R,3.053,M,Thallium-208
AIR-CHARCOAL,B103912,114.11689176576,M3,118,60,186,BOISE,ID,K40,2.22,.4,,PCI/M3,2011-04-08,R,1277000000,Y,Potassium-40
AIR-CHARCOAL,B103912,114.11689176576,M3,118,60,186,BOISE,ID,BA140,,,.38,PCI/M3,2011-04-08,R,12.789,D,Barium-140
AIR-CHARCOAL,B103821,112.13471250432,M3,118,60,186,BOISE,ID,K40,2.37,.41,,PCI/M3,2011-04-06,R,1277000000,Y,Potassium-40
AIR-CHARCOAL,B103768,110.7386919673344,M3,118,60,186,BOISE,ID,BA140,,,.26,PCI/M3,2011-04-05,R,12.789,D,Barium-140
AIR-CHARCOAL,B103532,113.536396410624,M3,118,60,186,BOISE,ID,CO60,,,.076,PCI/M3,2011-04-03,R,5.271,Y,Cobalt-60
AIR-CHARCOAL,B103325,110.71887017472,M3,118,60,186,BOISE,ID,BA140,,,.39,PCI/M3,2011-03-30,R,12.789,D,Barium-140
AIR-CHARCOAL,B103193,110.15253324288,M3,118,60,186,BOISE,ID,CS137,,,.079,PCI/M3,2011-03-29,R,30.17,Y,Cesium-137
AIR-CHARCOAL,B102904,112.41788097024,M3,118,60,186,BOISE,ID,K40,2.16,.37,,PCI/M3,2011-03-24,R,1277000000,Y,Potassium-40
AIR-CHARCOAL,B102893,111.56837557248,M3,118,60,186,BOISE,ID,BA140,,,.27,PCI/M3,2011-03-26,R,12.789,D,Barium-140
AIR-CHARCOAL,B102770,109.30302784512,M3,118,60,186,BOISE,ID,I131,.367,.052,,PCI/M3,2011-03-23,R,8.0233,D,Iodine-131
AIR-CHARCOAL,B102770,109.30302784512,M3,118,60,186,BOISE,ID,CS137,,,.14,PCI/M3,2011-03-23,R,30.17,Y,Cesium-137
AIR-CHARCOAL,B103698,114.40006023168,M3,118,60,186,BOISE,ID,K40,1.24,.42,,PCI/M3,2011-04-04,R,1277000000,Y,Potassium-40
AIR-CHARCOAL,B103698,114.40006023168,M3,118,60,186,BOISE,ID,CS137,,,.099,PCI/M3,2011-04-04,R,30.17,Y,Cesium-137
AIR-CHARCOAL,B102662,46.7227968768,M3,118,60,186,BOISE,ID,CO60,,,.24,PCI/M3,2011-03-22,R,5.271,Y,Cobalt-60
AIR-CHARCOAL,B102930,119.49709261824,M3,118,60,4059,SAN BERNARDINO,CA,CS137,,,.12,PCI/M3,2011-03-23,R,30.17,Y,Cesium-137
AIR-CHARCOAL,B102651,139.03571676672,M3,118,60,4059,SAN BERNARDINO,CA,K40,.79,.29,,PCI/M3,2011-03-22,R,1277000000,Y,Potassium-40
AIR-CHARCOAL,B102651,139.03571676672,M3,118,60,4059,SAN BERNARDINO,CA,I131,.448,.044,,PCI/M3,2011-03-22,R,8.0233,D,Iodine-131
AIR-CHARCOAL,B102651,139.03571676672,M3,118,60,4059,SAN BERNARDINO,CA,CS137,,,.083,PCI/M3,2011-03-22,R,30.17,Y,Cesium-137
AIR-CHARCOAL,B102555,139.31888523264,M3,118,60,4059,SAN BERNARDINO,CA,CS137,,,.047,PCI/M3,2011-03-21,R,30.17,Y,Cesium-137
AIR-CHARCOAL,B103500,94.096881225216,M3,118,60,2727,JUNEAU,AK,CS137,,,.07,PCI/M3,2011-04-04,R,30.17,Y,Cesium-137
AIR-CHARCOAL,B103500,94.096881225216,M3,118,60,2727,JUNEAU,AK,BA140,,,.27,PCI/M3,2011-04-04,R,12.789,D,Barium-140
AIR-CHARCOAL,B103346,143.0000752896,M3,118,60,2727,JUNEAU,AK,I131,.098,.018,,PCI/M3,2011-04-01,R,8.0233,D,Iodine-131
AIR-CHARCOAL,B103314,148.663444608,M3,118,60,2727,JUNEAU,AK,I131,.061,.023,,PCI/M3,2011-03-31,R,8.0233,D,Iodine-131
AIR-CHARCOAL,B103314,148.663444608,M3,118,60,2727,JUNEAU,AK,CO60,,,.094,PCI/M3,2011-03-31,R,5.271,Y,Cobalt-60
AIR-CHARCOAL,B103143,90.33074062848,M3,118,60,2727,JUNEAU,AK,BA140,,,.3,PCI/M3,2011-03-29,R,12.789,D,Barium-140
AIR-CHARCOAL,B103141,47.57230227456,M3,118,65.1666666666667,2727,JUNEAU,AK,I131,.281,.072,,PCI/M3,2011-03-27,R,8.0233,D,Iodine-131
AIR-CHARCOAL,B102886,142.71690682368,M3,118,60,2727,JUNEAU,AK,CS137,,,.049,PCI/M3,2011-03-25,R,30.17,Y,Cesium-137
AIR-CHARCOAL,B102886,142.71690682368,M3,118,60,2727,JUNEAU,AK,BA140,,,.21,PCI/M3,2011-03-25,R,12.789,D,Barium-140
AIR-CHARCOAL,B102758,145.54859148288,M3,118,60,2727,JUNEAU,AK,I131,.224,.029,,PCI/M3,2011-03-24,R,8.0233,D,Iodine-131
AIR-CHARCOAL,B102656,142.15056989184,M3,118,60,2727,JUNEAU,AK,RA226,,,1,PCI/M3,2011-03-23,R,1600,Y,Radium-226
AIR-CHARCOAL,B102464,243.24171222528,M3,118,60,2727,JUNEAU,AK,RA228,,,.3,PCI/M3,2011-03-20,R,5.75,Y,Radium-228
AIR-CHARCOAL,B102464,243.24171222528,M3,118,60,2727,JUNEAU,AK,I131,,,.032,PCI/M3,2011-03-20,R,8.0233,D,Iodine-131
AIR-CHARCOAL,B102500,203.8812954624,M3,118,800,4066,ANAHEIM,CA,I131,.865,.05,,PCI/M3,2011-03-20,R,8.0233,D,Iodine-131
AIR-CHARCOAL,B102500,203.8812954624,M3,118,800,4066,ANAHEIM,CA,CS137,,,.0092,PCI/M3,2011-03-20,R,30.17,Y,Cesium-137
AIR-CHARCOAL,B102558,132.23967358464,M3,118,60,4066,ANAHEIM,CA,CS137,,,.056,PCI/M3,2011-03-21,R,30.17,Y,Cesium-137
AIR-CHARCOAL,B103765,120.06342955008,M3,118,60,4112,NOME,AK,TL208,.51,.29,,PCI/M3,2011-04-06,R,3.053,M,Thallium-208
AIR-CHARCOAL,B103765,120.06342955008,M3,118,60,4112,NOME,AK,K40,1.56,.31,,PCI/M3,2011-04-06,R,1277000000,Y,Potassium-40
AIR-CHARCOAL,B103620,114.11689176576,M3,118,60,4112,NOME,AK,K40,1.36,.33,,PCI/M3,2011-04-05,R,1277000000,Y,Potassium-40
AIR-CHARCOAL,B103616,130.54066278912,M3,118,60,4112,NOME,AK,PB212,2.2,1.5,,PCI/M3,2011-04-04,R,10.643,H,Lead-212
AIR-CHARCOAL,B103616,130.54066278912,M3,118,60,4112,NOME,AK,I131,.086,.023,,PCI/M3,2011-04-04,R,8.0233,D,Iodine-131
AIR-CHARCOAL,B103616,130.54066278912,M3,118,60,4112,NOME,AK,BA140,,,.34,PCI/M3,2011-04-04,R,12.789,D,Barium-140
AIR-CHARCOAL,B103541,139.31888523264,M3,118,60,4112,NOME,AK,CO60,,,.064,PCI/M3,2011-03-31,R,5.271,Y,Cobalt-60
AIR-CHARCOAL,B103541,139.31888523264,M3,118,60,4112,NOME,AK,BA140,,,.26,PCI/M3,2011-03-31,R,12.789,D,Barium-140
AIR-CHARCOAL,B103276,124.5941250048,M3,118,60,4112,NOME,AK,CO60,,,.097,PCI/M3,2011-03-30,R,5.271,Y,Cobalt-60
AIR-CHARCOAL,B103290,138.18621136896,M3,118,60,4112,NOME,AK,TL208,54,43,,PCI/M3,2011-03-27,R,3.053,M,Thallium-208
AIR-CHARCOAL,B102945,140.45155909632,M3,118,60,4112,NOME,AK,BA140,,,.18,PCI/M3,2011-03-25,R,12.789,D,Barium-140
AIR-CHARCOAL,B102744,130.82383125504,M3,118,60,4112,NOME,AK,CS137,,,.06,PCI/M3,2011-03-24,R,30.17,Y,Cesium-137
AIR-CHARCOAL,B102659,132.80601051648,M3,118,60,4112,NOME,AK,CS137,,,.061,PCI/M3,2011-03-23,R,30.17,Y,Cesium-137
AIR-CHARCOAL,B102534,139.31888523264,M3,118,60,4112,NOME,AK,BA140,,,.18,PCI/M3,2011-03-22,R,12.789,D,Barium-140
AIR-CHARCOAL,B102467,291.6635198976,M3,118,60,4112,NOME,AK,TL208,1.86,.83,,PCI/M3,2011-03-20,R,3.053,M,Thallium-208
AIR-CHARCOAL,B102467,291.6635198976,M3,118,60,4112,NOME,AK,CS137,,,.019,PCI/M3,2011-03-20,R,30.17,Y,Cesium-137
AIR-CHARCOAL,B103755,109.58619631104,M3,118,60,4113,GUAM,GU,I131,,,.12,PCI/M3,2011-04-05,R,8.0233,D,Iodine-131
AIR-CHARCOAL,B103755,109.58619631104,M3,118,60,4113,GUAM,GU,CS137,,,.1,PCI/M3,2011-04-05,R,30.17,Y,Cesium-137
AIR-CHARCOAL,B103635,112.41788097024,M3,118,60,4113,GUAM,GU,BA140,,,.22,PCI/M3,2011-04-03,R,12.789,D,Barium-140
AIR-CHARCOAL,B103411,99.67530000384,M3,118,60,4113,GUAM,GU,I131,,,.11,PCI/M3,2011-04-01,R,8.0233,D,Iodine-131
AIR-CHARCOAL,B103411,99.67530000384,M3,118,60,4113,GUAM,GU,CO60,,,.13,PCI/M3,2011-04-01,R,5.271,Y,Cobalt-60
AIR-CHARCOAL,B103401,107.03768011776,M3,118,60,4113,GUAM,GU,CS137,,,.09,PCI/M3,2011-03-31,R,30.17,Y,Cesium-137
AIR-CHARCOAL,B103303,111.56837557248,M3,118,60,4113,GUAM,GU,K40,1.06,.3,,PCI/M3,2011-03-30,R,1277000000,Y,Potassium-40
AIR-CHARCOAL,B103191,107.88718551552,M3,118,60,4113,GUAM,GU,CO60,,,.076,PCI/M3,2011-03-29,R,5.271,Y,Cobalt-60
AIR-CHARCOAL,B102953,106.75451165184,M3,118,60,4113,GUAM,GU,K40,1.83,.36,,PCI/M3,2011-03-26,R,1277000000,Y,Potassium-40
AIR-CHARCOAL,B102953,106.75451165184,M3,118,60,4113,GUAM,GU,I131,,,.098,PCI/M3,2011-03-26,R,8.0233,D,Iodine-131
AIR-CHARCOAL,B102950,104.3249262142464,M3,118,60,4113,GUAM,GU,BA140,,,.53,PCI/M3,2011-03-25,R,12.789,D,Barium-140
AIR-CHARCOAL,B102852,109.30302784512,M3,118,60,4113,GUAM,GU,TL208,32,25,,PCI/M3,2011-03-24,R,3.053,M,Thallium-208
AIR-CHARCOAL,B102482,93.16242528768,M3,118,60,4113,GUAM,GU,BA140,,,.25,PCI/M3,2011-03-19,R,12.789,D,Barium-140
AIR-CHARCOAL,B103654,112.70104943616,M3,118,60,4115,SAIPAN,CNMI,K40,1.87,.39,,PCI/M3,2011-04-03,R,1277000000,Y,Potassium-40
AIR-CHARCOAL,B103384,113.267386368,M3,118,60,4115,SAIPAN,CNMI,K40,2.03,.39,,PCI/M3,2011-03-30,R,1277000000,Y,Potassium-40
AIR-CHARCOAL,B103310,110.71887017472,M3,118,60,4115,SAIPAN,CNMI,CO60,,,.096,PCI/M3,2011-03-29,R,5.271,Y,Cobalt-60
AIR-CHARCOAL,B103310,110.71887017472,M3,118,60,4115,SAIPAN,CNMI,BA140,,,.19,PCI/M3,2011-03-29,R,12.789,D,Barium-140
AIR-CHARCOAL,B103137,112.41788097024,M3,118,60,4115,SAIPAN,CNMI,CS137,,,.11,PCI/M3,2011-03-27,R,30.17,Y,Cesium-137
AIR-CHARCOAL,B102843,108.45352244736,M3,118,60,4115,SAIPAN,CNMI,CO60,,,.078,PCI/M3,2011-03-23,R,5.271,Y,Cobalt-60
AIR-CHARCOAL,B103690,113.83372329984,M3,118,60,4115,SAIPAN,CNMI,K40,1.52,.33,,PCI/M3,2011-04-01,R,1277000000,Y,Potassium-40
AIR-CHARCOAL,B102764,107.88718551552,M3,118,60,4115,SAIPAN,CNMI,CS137,,,.072,PCI/M3,2011-03-22,R,30.17,Y,Cesium-137
AIR-CHARCOAL,B103893,116.94857642496,M3,118,60,4116,KAHUKU,HI,CS137,,,.062,PCI/M3,2011-04-08,R,30.17,Y,Cesium-137
AIR-CHARCOAL,B103394,117.79808182272,M3,118,60,4116,KAHUKU,HI,I131,.089,.03,,PCI/M3,2011-03-31,R,8.0233,D,Iodine-131
AIR-CHARCOAL,B102862,118.36441875456,M3,118,60,4116,KAHUKU,HI,CO60,,,.045,PCI/M3,2011-03-25,R,5.271,Y,Cobalt-60
AIR-CHARCOAL,B102754,117.79808182272,M3,118,60,4116,KAHUKU,HI,CO60,,,.11,PCI/M3,2011-03-23,R,5.271,Y,Cobalt-60
AIR-CHARCOAL,B102666,121.19610341376,M3,118,60,4116,KAHUKU,HI,I131,1.349,.094,,PCI/M3,2011-03-21,R,8.0233,D,Iodine-131
AIR-CHARCOAL,B102645,117.79808182272,M3,118,60,4116,KAHUKU,HI,BA140,,,.28,PCI/M3,2011-03-22,R,12.789,D,Barium-140
AIR-CHARCOAL,B103834,118.08125028864,M3,118,60,4117,KAUAI,HI,CS137,,,.075,PCI/M3,2011-04-05,R,30.17,Y,Cesium-137
AIR-CHARCOAL,B103834,118.08125028864,M3,118,60,4117,KAUAI,HI,CO60,,,.12,PCI/M3,2011-04-05,R,5.271,Y,Cobalt-60
AIR-CHARCOAL,B103662,115.53273409536,M3,118,60,4117,KAUAI,HI,BA140,,,.37,PCI/M3,2011-04-02,R,12.789,D,Barium-140
AIR-CHARCOAL,B103379,115.81590256128,M3,118,60,4117,KAUAI,HI,CO60,,,.046,PCI/M3,2011-03-31,R,5.271,Y,Cobalt-60
AIR-CHARCOAL,B103147,122.32877727744,M3,118,60,4117,KAUAI,HI,K40,1.66,.32,,PCI/M3,2011-03-26,R,1277000000,Y,Potassium-40
AIR-CHARCOAL,B103147,122.32877727744,M3,118,60,4117,KAUAI,HI,BA140,,,.41,PCI/M3,2011-03-26,R,12.789,D,Barium-140
AIR-CHARCOAL,B103422,88.91489829888,M3,118,60,3043,DUTCH HARBOR,AK,BA140,,,.33,PCI/M3,2011-03-31,R,12.789,D,Barium-140
AIR-CHARCOAL,B103183,86.64955057152,M3,118,60,3043,DUTCH HARBOR,AK,CO60,,,.13,PCI/M3,2011-03-29,R,5.271,Y,Cobalt-60
AIR-CHARCOAL,B103158,87.49905596928,M3,118,60,3043,DUTCH HARBOR,AK,I131,.189,.049,,PCI/M3,2011-03-28,R,8.0233,D,Iodine-131
AIR-CHARCOAL,B103156,86.3663821056,M3,118,60,3043,DUTCH HARBOR,AK,I131,.198,.038,,PCI/M3,2011-03-27,R,8.0233,D,Iodine-131
AIR-CHARCOAL,B103151,86.93271903744,M3,118,60,3043,DUTCH HARBOR,AK,CS137,,,.15,PCI/M3,2011-03-25,R,30.17,Y,Cesium-137
AIR-CHARCOAL,B102877,86.93271903744,M3,118,60,3043,DUTCH HARBOR,AK,BA140,,,.29,PCI/M3,2011-03-24,R,12.789,D,Barium-140
AIR-CHARCOAL,B102973,85.51687670784,M3,118,60,3043,DUTCH HARBOR,AK,BA140,,,.33,PCI/M3,2011-03-26,R,12.789,D,Barium-140
AIR-CHARCOAL,B103679,89.76440369664,M3,118,60,3043,DUTCH HARBOR,AK,CS137,,,.097,PCI/M3,2011-04-02,R,30.17,Y,Cesium-137
AIR-CHARCOAL,B102529,32.28120511488,M3,118,60,3043,DUTCH HARBOR,AK,I131,2.78,.23,,PCI/M3,2011-03-19,R,8.0233,D,Iodine-131
AIR-CHARCOAL,B102473,126.29313580032,M3,118,60,3043,DUTCH HARBOR,AK,RA228,,,.43,PCI/M3,2011-03-19,R,5.75,Y,Radium-228
AIR-CHARCOAL,B102473,126.29313580032,M3,118,60,3043,DUTCH HARBOR,AK,K40,.29,.21,,PCI/M3,2011-03-19,R,1277000000,Y,Potassium-40
AIR-CHARCOAL,B102473,126.29313580032,M3,118,60,3043,DUTCH HARBOR,AK,BA140,,,.26,PCI/M3,2011-03-19,R,12.789,D,Barium-140
